{
    "vertices": [14.5045,-0.00462,52.283,14.5045,-0.004619,46.5638,11.0095,-0.004619,47.2335,11.0095,-0.00462,51.6133,12.2963,-0.00462,57.6395,9.33341,-0.00462,55.6598,8.21611,-0.004621,61.7197,6.23639,-0.004621,58.7568,2.88512,-0.004621,63.9278,2.18993,-0.004621,60.4329,-2.88512,-0.004621,63.9278,-2.18993,-0.004621,60.4329,-8.21611,-0.004621,61.7197,-6.23638,-0.004621,58.7568,-12.2963,-0.00462,57.6395,-9.3334,-0.00462,55.6598,-14.5044,-0.00462,52.283,-11.0095,-0.00462,51.6133,-14.5045,-0.004619,46.5638,-11.0095,-0.004619,47.2335,-14.4929,-0.004619,43.2239,-9.33341,-0.004619,43.2239,14.4929,-0.004619,43.2239,9.33341,-0.004619,43.2239,2e-06,-0.004619,49.4234,-4.19298,-0.004619,43.2239,-1.34948,-0.004619,43.2239,1.34949,-0.004619,43.2239,4.19298,-0.004619,43.2239,34.857,-0.00462,52.283,34.857,-0.004619,46.5638,30.0107,-0.004619,46.5638,30.0107,-0.00462,52.283,30.834,-0.004622,67.8846,26.4198,-0.004621,65.4451,18.4613,-0.004623,80.2574,16.0217,-0.004623,75.8432,2.85612,-0.004624,84.2804,2.86302,-0.004623,79.4341,-2.85612,-0.004624,84.2804,-2.86303,-0.004623,79.4341,-18.4613,-0.004623,80.2574,-16.0217,-0.004623,75.8432,-30.834,-0.004622,67.8846,-26.4198,-0.004621,65.4451,-34.857,-0.00462,52.283,-30.0107,-0.00462,52.283,-34.857,-0.004619,46.5638,-30.0107,-0.004619,46.5638,53.8648,-0.00462,52.283,53.8648,-0.004619,46.5638,53.8648,-0.004623,80.0548,29.9234,-0.004625,99.7141,2.83403,-0.004625,99.7142,-2.83404,-0.004625,99.7141,-29.9234,-0.004625,99.7141,-53.8648,-0.004623,80.0547,-53.8648,-0.00462,52.283,-53.8648,-0.004619,46.5638,53.8647,-0.004625,99.7141,-53.8648,-0.004625,99.7142,30.0107,-0.004619,43.2239,-30.0107,-0.004619,43.2239,34.857,-0.004619,43.2239,53.8648,-0.004619,43.2239,-34.857,-0.004619,43.2239,-53.8648,-0.004619,43.2239,-9.33341,-0.004615,15.7358,-14.4929,-0.004615,15.7358,14.4929,-0.004615,15.7358,9.33341,-0.004615,15.7358,30.0107,-0.004615,15.7358,-30.0107,-0.004615,15.7358,34.857,-0.004615,15.7358,53.8648,-0.004615,15.7358,-34.857,-0.004615,15.7358,-53.8648,-0.004615,15.7358,53.8648,-0.004613,-5.3181,34.857,-0.004613,-5.31811,-34.857,-0.004613,-5.31809,-53.8648,-0.004613,-5.31809,-5.76139,-0.004619,43.3321,-5.76139,-0.004619,42.9044,5.60411,-0.004619,42.9044,5.60411,-0.004619,43.3321,-5.76139,0.049019,43.3321,5.60411,0.049019,43.3321,5.60411,0.049019,42.9044,-5.76139,0.049019,42.9044],
    "metadata": {
        "generator": "io_three",
        "version": 3,
        "vertices": 89,
        "uvs": 2,
        "faces": 206,
        "type": "Geometry",
        "materials": 4,
        "colors": 0
    },
    "name": "_ncl1_11Geometry.1",
    "faces": [10,0,1,2,1,0,1,2,0,1,2,10,2,3,0,1,2,3,0,2,3,0,10,4,0,3,1,4,0,3,4,0,3,10,3,5,4,1,3,5,4,3,5,4,10,6,4,5,1,6,4,5,6,4,5,10,5,7,6,1,5,7,6,5,7,6,10,8,6,7,1,8,6,7,8,6,7,10,7,9,8,1,7,9,8,7,9,8,10,10,8,9,1,10,8,9,10,8,9,10,9,11,10,1,9,11,10,9,11,10,10,12,10,11,1,12,10,11,12,10,11,10,11,13,12,1,11,13,12,11,13,12,10,14,12,13,1,14,12,13,14,12,13,10,13,15,14,1,13,15,14,13,15,14,10,16,14,15,1,16,14,15,16,14,15,10,15,17,16,1,15,17,16,15,17,16,10,18,16,17,1,18,16,17,18,16,17,10,17,19,18,1,17,19,18,17,19,18,10,20,18,19,1,20,18,19,20,18,19,10,19,21,20,1,19,21,20,19,21,20,10,1,22,23,1,1,22,23,1,22,23,10,23,2,1,1,23,2,1,23,2,1,10,3,2,24,4,3,2,24,3,2,24,10,5,3,24,4,5,3,24,5,3,24,10,7,5,24,4,7,5,24,7,5,24,10,9,7,24,4,9,7,24,9,7,24,10,11,9,24,4,11,9,24,11,9,24,10,13,11,24,4,13,11,24,13,11,24,10,15,13,24,4,15,13,24,15,13,24,10,17,15,24,4,17,15,24,17,15,24,10,19,17,24,4,19,17,24,19,17,24,10,21,19,24,4,21,19,24,21,19,24,10,25,21,24,4,25,21,24,25,21,24,10,26,25,24,4,26,25,24,26,25,24,10,27,26,24,4,27,26,24,27,26,24,10,28,27,24,4,28,27,24,28,27,24,10,23,28,24,4,23,28,24,23,28,24,10,2,23,24,4,2,23,24,2,23,24,10,29,30,31,1,29,30,31,29,30,31,10,31,32,29,1,31,32,29,31,32,29,10,33,29,32,3,33,29,32,33,29,32,10,32,34,33,3,32,34,33,32,34,33,10,35,33,34,3,35,33,34,35,33,34,10,34,36,35,3,34,36,35,34,36,35,10,37,35,36,3,37,35,36,37,35,36,10,36,38,37,3,36,38,37,36,38,37,10,39,37,38,1,39,37,38,39,37,38,10,38,40,39,1,38,40,39,38,40,39,10,41,39,40,3,41,39,40,41,39,40,10,40,42,41,3,40,42,41,40,42,41,10,43,41,42,3,43,41,42,43,41,42,10,42,44,43,3,42,44,43,42,44,43,10,45,43,44,3,45,43,44,45,43,44,10,44,46,45,3,44,46,45,44,46,45,10,47,45,46,1,47,45,46,47,45,46,10,46,48,47,1,46,48,47,46,48,47,10,49,50,30,1,49,50,30,49,50,30,10,30,29,49,1,30,29,49,30,29,49,10,1,0,32,1,1,0,32,1,0,32,10,32,31,1,1,32,31,1,32,31,1,10,33,51,49,1,33,51,49,33,51,49,10,49,29,33,1,49,29,33,49,29,33,10,0,4,34,1,0,4,34,0,4,34,10,34,32,0,1,34,32,0,34,32,0,10,52,51,33,4,52,51,33,52,51,33,10,33,35,52,4,33,35,52,33,35,52,10,4,6,36,4,4,6,36,4,6,36,10,36,34,4,4,36,34,4,36,34,4,10,53,52,35,1,53,52,35,53,52,35,10,35,37,53,1,35,37,53,35,37,53,10,36,6,8,1,36,6,8,36,6,8,10,8,38,36,1,8,38,36,8,38,36,10,54,53,37,1,54,53,37,54,53,37,10,37,39,54,1,37,39,54,37,39,54,10,8,10,40,1,8,10,40,8,10,40,10,40,38,8,1,40,38,8,40,38,8,10,41,55,54,1,41,55,54,41,55,54,10,54,39,41,1,54,39,41,54,39,41,10,10,12,42,1,10,12,42,10,12,42,10,42,40,10,1,42,40,10,42,40,10,10,56,55,41,4,56,55,41,56,55,41,10,41,43,56,4,41,43,56,41,43,56,10,12,14,44,4,12,14,44,12,14,44,10,44,42,12,4,44,42,12,44,42,12,10,57,56,43,1,57,56,43,57,56,43,10,43,45,57,1,43,45,57,43,45,57,10,44,14,16,1,44,14,16,44,14,16,10,16,46,44,1,16,46,44,16,46,44,10,58,57,45,1,58,57,45,58,57,45,10,45,47,58,1,45,47,58,45,47,58,10,16,18,48,1,16,18,48,16,18,48,10,48,46,16,1,48,46,16,48,46,16,10,51,52,59,2,51,52,59,51,52,59,10,55,56,60,2,55,56,60,55,56,60,10,1,31,61,1,1,31,61,1,31,61,10,61,22,1,1,61,22,1,61,22,1,10,48,18,20,1,48,18,20,48,18,20,10,20,62,48,1,20,62,48,20,62,48,10,31,30,63,3,31,30,63,31,30,63,10,63,61,31,3,63,61,31,63,61,31,10,30,50,64,1,30,50,64,30,50,64,10,64,63,30,1,64,63,30,64,63,30,10,47,48,62,3,47,48,62,47,48,62,10,62,65,47,3,62,65,47,62,65,47,10,58,47,65,1,58,47,65,58,47,65,10,65,66,58,1,65,66,58,65,66,58,10,20,21,67,1,20,21,67,20,21,67,10,67,68,20,1,67,68,20,67,68,20,10,23,22,69,1,23,22,69,23,22,69,10,69,70,23,1,69,70,23,69,70,23,10,22,61,71,1,22,61,71,22,61,71,10,71,69,22,1,71,69,22,71,69,22,10,62,20,68,1,62,20,68,62,20,68,10,68,72,62,1,68,72,62,68,72,62,10,61,63,73,3,61,63,73,61,63,73,10,73,71,61,3,73,71,61,73,71,61,10,63,64,74,1,63,64,74,63,64,74,10,74,73,63,1,74,73,63,74,73,63,10,65,62,72,3,65,62,72,65,62,72,10,72,75,65,3,72,75,65,72,75,65,10,66,65,75,1,66,65,75,66,65,75,10,75,76,66,1,75,76,66,75,76,66,10,73,74,77,1,73,74,77,73,74,77,10,77,78,73,1,77,78,73,77,78,73,10,76,75,79,1,76,75,79,76,75,79,10,79,80,76,1,79,80,76,79,80,76,10,81,82,83,3,81,82,83,81,82,83,10,83,84,81,3,83,84,81,83,84,81,10,85,86,87,3,84,81,82,85,86,87,10,87,88,85,3,82,83,84,87,88,85,10,81,84,86,3,84,81,82,89,90,91,10,86,85,81,3,82,83,84,91,92,89,10,84,83,87,3,84,81,82,93,94,95,10,87,86,84,3,82,83,84,95,96,93,10,83,82,88,3,84,81,82,97,98,99,10,88,87,83,3,82,83,84,99,100,97,10,82,81,85,3,84,81,82,101,102,103,10,85,88,82,3,82,83,84,103,104,101],
    "colors": [],
    "materials": [{
        "mapLightAnisotropy": 1,
        "depthWrite": true,
        "wireframe": false,
        "depthTest": true,
        "colorDiffuse": [0.56,0.56,0.56],
        "DbgName": "Piso_Claro",
        "opacity": 1,
        "mapLightWrap": ["RepeatWrapping","RepeatWrapping"],
        "mapLight": "Map__68_Color_Correction.jpg",
        "visible": true,
        "DbgIndex": 1,
        "DbgColor": 15597568,
        "blending": "NormalBlending",
        "shading": "phong",
        "transparent": false,
        "mapLightRepeat": [1,1],
        "colorAmbient": [0.56,0.56,0.56],
        "specularCoef": 52,
        "colorEmissive": [0,0,0],
        "vertexColors": false,
        "colorSpecular": [0,0,0]
    },{
        "mapLightAnisotropy": 1,
        "depthWrite": true,
        "wireframe": false,
        "depthTest": true,
        "colorDiffuse": [0.56,0.56,0.56],
        "DbgName": "Cesped",
        "opacity": 1,
        "mapLightWrap": ["RepeatWrapping","RepeatWrapping"],
        "mapLight": "seamless_grass_texture.jpg",
        "visible": true,