{
    "vertices": [14.5045,-0.00462,52.283,14.5045,-0.004619,46.5638,11.0095,-0.004619,47.2335,11.0095,-0.00462,51.6133,12.2963,-0.00462,57.6395,9.33341,-0.00462,55.6598,8.21611,-0.004621,61.7197,6.23639,-0.004621,58.7568,2.88512,-0.004621,63.9278,2.18993,-0.004621,60.4329,-2.88512,-0.004621,63.9278,-2.18993,-0.004621,60.4329,-8.21611,-0.004621,61.7197,-6.23638,-0.004621,58.7568,-12.2963,-0.00462,57.6395,-9.3334,-0.00462,55.6598,-14.5044,-0.00462,52.283,-11.0095,-0.00462,51.6133,-14.5045,-0.004619,46.5638,-11.0095,-0.004619,47.2335,-14.4929,-0.004619,43.2239,-9.33341,-0.004619,43.2239,14.4929,-0.004619,43.2239,9.33341,-0.004619,43.2239,2e-06,-0.004619,49.4234,-4.19298,-0.004619,43.2239,-1.34948,-0.004619,43.2239,1.34949,-0.004619,43.2239,4.19298,-0.004619,43.2239,34.857,-0.00462,52.283,34.857,-0.004619,46.5638,30.0107,-0.004619,46.5638,30.0107,-0.00462,52.283,30.834,-0.004622,67.8846,26.4198,-0.004621,65.4451,18.4613,-0.004623,80.2574,16.0217,-0.004623,75.8432,2.85612,-0.004624,84.2804,2.86302,-0.004623,79.4341,-2.85612,-0.004624,84.2804,-2.86303,-0.004623,79.4341,-18.4613,-0.004623,80.2574,-16.0217,-0.004623,75.8432,-30.834,-0.004622,67.8846,-26.4198,-0.004621,65.4451,-34.857,-0.00462,52.283,-30.0107,-0.00462,52.283,-34.857,-0.004619,46.5638,-30.0107,-0.004619,46.5638,53.8648,-0.00462,52.283,53.8648,-0.004619,46.5638,53.8648,-0.004623,80.0548,29.9234,-0.004625,99.7141,2.83403,-0.004625,99.7142,-2.83404,-0.004625,99.7141,-29.9234,-0.004625,99.7141,-53.8648,-0.004623,80.0547,-53.8648,-0.00462,52.283,-53.8648,-0.004619,46.5638,53.8647,-0.004625,99.7141,-53.8648,-0.004625,99.7142,30.0107,-0.004619,43.2239,-30.0107,-0.004619,43.2239,34.857,-0.004619,43.2239,53.8648,-0.004619,43.2239,-34.857,-0.004619,43.2239,-53.8648,-0.004619,43.2239,-9.33341,-0.004615,15.7358,-14.4929,-0.004615,15.7358,14.4929,-0.004615,15.7358,9.33341,-0.004615,15.7358,30.0107,-0.004615,15.7358,-30.0107,-0.004615,15.7358,34.857,-0.004615,15.7358,53.8648,-0.004615,15.7358,-34.857,-0.004615,15.7358,-53.8648,-0.004615,15.7358,53.8648,-0.004613,-5.3181,34.857,-0.004613,-5.31811,-34.857,-0.004613,-5.31809,-53.8648,-0.004613,-5.31809,-5.76139,-0.004619,43.3321,-5.76139,-0.004619,42.9044,5.60411,-0.004619,42.9044,5.60411,-0.004619,43.3321,-5.76139,0.049019,43.3321,5.60411,0.049019,43.3321,5.60411,0.049019,42.9044,-5.76139,0.049019,42.9044],
    "metadata": {
        "generator": "io_three",
        "version": 3,
        "vertices": 89,
        "uvs": 2,
        "faces": 206,
        "type": "Geometry",
        "materials": 4,
        "colors": 0
    },
    "name": "_ncl1_11Geometry.3",
    "faces": [10,0,1,2,0,0,1,2,0,1,2,10,2,3,0,0,2,3,0,2,3,0,10,4,0,3,0,4,0,3,4,0,3,10,3,5,4,0,3,5,4,3,5,4,10,6,4,5,0,6,4,5,6,4,5,10,5,7,6,0,5,7,6,5,7,6,10,8,6,7,0,8,6,7,8,6,7,10,7,9,8,0,7,9,8,7,9,8,10,10,8,9,0,10,8,9,10,8,9,10,9,11,10,0,9,11,10,9,11,10,10,12,10,11,0,12,10,11,12,10,11,10,11,13,12,0,11,13,12,11,13,12,10,14,12,13,0,14,12,13,14,12,13,10,13,15,14,0,13,15,14,13,15,14,10,16,14,15,0,16,14,15,16,14,15,10,15,17,16,0,15,17,16,15,17,16,10,18,16,17,0,18,16,17,18,16,17,10,17,19,18,0,17,19,18,17,19,18,10,20,18,19,0,20,18,19,20,18,19,10,19,21,20,0,19,21,20,19,21,20,10,1,22,23,0,1,22,23,1,22,23,10,23,2,1,0,23,2,1,23,2,1,10,3,2,24,3,3,2,24,3,2,24,10,5,3,24,3,5,3,24,5,3,24,10,7,5,24,3,7,5,24,7,5,24,10,9,7,24,3,9,7,24,9,7,24,10,11,9,24,3,11,9,24,11,9,24,10,13,11,24,3,13,11,24,13,11,24,10,15,13,24,3,15,13,24,15,13,24,10,17,15,24,3,17,15,24,17,15,24,10,19,17,24,3,19,17,24,19,17,24,10,21,19,24,3,21,19,24,21,19,24,10,25,21,24,3,25,21,24,25,21,24,10,26,25,24,3,26,25,24,26,25,24,10,27,26,24,3,27,26,24,27,26,24,10,28,27,24,3,28,27,24,28,27,24,10,23,28,24,3,23,28,24,23,28,24,10,2,23,24,3,2,23,24,2,23,24,10,29,30,31,0,29,30,31,29,30,31,10,31,32,29,0,31,32,29,31,32,29,10,33,29,32,2,33,29,32,33,29,32,10,32,34,33,2,32,34,33,32,34,33,10,35,33,34,2,35,33,34,35,33,34,10,34,36,35,2,34,36,35,34,36,35,10,37,35,36,2,37,35,36,37,35,36,10,36,38,37,2,36,38,37,36,38,37,10,39,37,38,0,39,37,38,39,37,38,10,38,40,39,0,38,40,39,38,40,39,10,41,39,40,2,41,39,40,41,39,40,10,40,42,41,2,40,42,41,40,42,41,10,43,41,42,2,43,41,42,43,41,42,10,42,44,43,2,42,44,43,42,44,43,10,45,43,44,2,45,43,44,45,43,44,10,44,46,45,2,44,46,45,44,46,45,10,47,45,46,0,47,45,46,47,45,46,10,46,48,47,0,46,48,47,46,48,47,10,49,50,30,0,49,50,30,49,50,30,10,30,29,49,0,30,29,49,30,29,49,10,1,0,32,0,1,0,32,1,0,32,10,32,31,1,0,32,31,1,32,31,1,10,33,51,49,0,33,51,49,33,51,49,10,49,29,33,0,49,29,33,49,29,33,10,0,4,34,0,0,4,34,0,4,34,10,34,32,0,0,34,32,0,34,32,0,10,52,51,33,3,52,51,33,52,51,33,10,33,35,52,3,33,35,52,33,35,52,10,4,6,36,3,4,6,36,4,6,36,10,36,34,4,3,36,34,4,36,34,4,10,53,52,35,0,53,52,35,53,52,35,10,35,37,53,0,35,37,53,35,37,53,10,36,6,8,0,36,6,8,36,6,8,10,8,38,36,0,8,38,36,8,38,36,10,54,53,37,0,54,53,37,54,53,37,10,37,39,54,0,37,39,54,37,39,54,10,8,10,40,0,8,10,40,8,10,40,10,40,38,8,0,40,38,8,40,38,8,10,41,55,54,0,41,55,54,41,55,54,10,54,39,41,0,54,39,41,54,39,41,10,10,12,42,0,10,12,42,10,12,42,10,42,40,10,0,42,40,10,42,40,10,10,56,55,41,3,56,55,41,56,55,41,10,41,43,56,3,41,43,56,41,43,56,10,12,14,44,3,12,14,44,12,14,44,10,44,42,12,3,44,42,12,44,42,12,10,57,56,43,0,57,56,43,57,56,43,10,43,45,57,0,43,45,57,43,45,57,10,44,14,16,0,44,14,16,44,14,16,10,16,46,44,0,16,46,44,16,46,44,10,58,57,45,0,58,57,45,58,57,45,10,45,47,58,0,45,47,58,45,47,58,10,16,18,48,0,16,18,48,16,18,48,10,48,46,16,0,48,46,16,48,46,16,10,51,52,59,1,51,52,59,51,52,59,10,55,56,60,1,55,56,60,55,56,60,10,1,31,61,0,1,31,61,1,31,61,10,61,22,1,0,61,22,1,61,22,1,10,48,18,20,0,48,18,20,48,18,20,10,20,62,48,0,20,62,48,20,62,48,10,31,30,63,2,31,30,63,31,30,63,10,63,61,31,2,63,61,31,63,61,31,10,30,50,64,0,30,50,64,30,50,64,10,64,63,30,0,64,63,30,64,63,30,10,47,48,62,2,47,48,62,47,48,62,10,62,65,47,2,62,65,47,62,65,47,10,58,47,65,0,58,47,65,58,47,65,10,65,66,58,0,65,66,58,65,66,58,10,20,21,67,0,20,21,67,20,21,67,10,67,68,20,0,67,68,20,67,68,20,10,23,22,69,0,23,22,69,23,22,69,10,69,70,23,0,69,70,23,69,70,23,10,22,61,71,0,22,61,71,22,61,71,10,71,69,22,0,71,69,22,71,69,22,10,62,20,68,0,62,20,68,62,20,68,10,68,72,62,0,68,72,62,68,72,62,10,61,63,73,2,61,63,73,61,63,73,10,73,71,61,2,73,71,61,73,71,61,10,63,64,74,0,63,64,74,63,64,74,10,74,73,63,0,74,73,63,74,73,63,10,65,62,72,2,65,62,72,65,62,72,10,72,75,65,2,72,75,65,72,75,65,10,66,65,75,0,66,65,75,66,65,75,10,75,76,66,0,75,76,66,75,76,66,10,73,74,77,0,73,74,77,73,74,77,10,77,78,73,0,77,78,73,77,78,73,10,76,75,79,0,76,75,79,76,75,79,10,79,80,76,0,79,80,76,79,80,76,10,81,82,83,2,81,82,83,81,82,83,10,83,84,81,2,83,84,81,83,84,81,10,85,86,87,2,84,81,82,85,86,87,10,87,88,85,2,82,83,84,87,88,85,10,81,84,86,2,84,81,82,89,90,91,10,86,85,81,2,82,83,84,91,92,89,10,84,83,87,2,84,81,82,93,94,95,10,87,86,84,2,82,83,84,95,96,93,10,83,82,88,2,84,81,82,97,98,99,10,88,87,83,2,82,83,84,99,100,97,10,82,81,85,2,84,81,82,101,102,103,10,85,88,82,2,82,83,84,103,104,101],
    "colors": [],
    "materials": [{
        "mapLightAnisotropy": 1,
        "depthWrite": true,
        "wireframe": false,
        "depthTest": true,
        "colorDiffuse": [0.56,0.56,0.56],
        "DbgName": "Piso_Claro",
        "opacity": 1,
        "mapLightWrap": ["RepeatWrapping","RepeatWrapping"],
        "mapLight": "Map__68_Color_Correction.jpg",
        "visible": true,
        "DbgIndex": 0,
        "DbgColor": 15658734,
        "blending": "NormalBlending",
        "shading": "phong",
        "transparent": false,
        "mapLightRepeat": [1,1],
        "colorAmbient": [0.56,0.56,0.56],
        "specularCoef": 52,
       "colorEmissive": [0.7,0.7,0.7],
        "vertexColors": false,
        "colorSpecular": [0,0,0]
    },{
        "mapLightAnisotropy": 1,
        "depthWrite": true,
        "wireframe": false,
        "depthTest": true,
        "colorDiffuse": [0.56,0.56,0.56],
        "DbgName": "Cesped",
        "opacity": 1,
        "mapLightWrap": ["RepeatWrapping","RepeatWrapping"],
        "mapLight": "seamless_grass_texture.jpg",