{
    "metadata": {
        "uvs": 2,
        "vertices": 108,
        "materials": 2,
        "version": 3,
        "faces": 274,
        "type": "Geometry",
        "generator": "io_three",
        "colors": 0
    },
    "uvs": [[1.5478,-2.3549,1.5478,3.3549,-0.5478,3.3549,-0.5478,-2.3549,-0.1485,-2.0286,0.4696,-2.0286,0.4696,0.7065,-0.1485,0.7065,0.4696,2.6153,-0.1485,2.6153,-0.1485,1.4158,0.4696,1.4158,3.3549,2.6132,-2.3549,2.6132,-2.3549,1.4133,3.3549,1.4133,1.5478,2.6132,-0.5478,2.6132,-0.5478,1.4133,1.5478,1.4133,-0.5478,-3.4451,1.5478,-3.4451,0.4696,-2.8648,-0.1485,-2.8648,0.4696,-2.3549,-0.1485,-2.3549,0.4696,4.1451,-0.1485,4.1451,3.3549,4.4451,-2.3549,4.4451,-2.3549,-3.4451,3.3549,-3.4451,1.5478,4.4451,-0.5478,4.4451,0.4696,4.4451,-0.1485,4.4451,0.2935,4.4451,0.2935,4.1451,3.0286,4.1451,0.7065,4.4451,-2.0286,4.1451,0.7065,4.1451,-2.3549,2.6153,-2.0286,2.6153,3.3549,2.6153,3.0286,2.6153,0.4696,-2.0689,-0.1485,-2.0689,3.3549,-2.8648,3.3549,1.4158,3.0689,1.4158,3.0689,-2.8648,0.5304,-2.3549,1.1485,-2.3549,1.1485,-2.0689,0.5304,-2.0689,-2.3549,1.4158,-2.3549,-2.8648,-2.0689,-2.8648,-2.0689,1.4158],[0.004596,0.103755,0.086642,0.103755,0.086642,0.198979,0.004596,0.198979,0.893386,0.278049,0.92147,0.278049,0.92147,0.33756,0.893386,0.33756,0.92147,0.217231,0.893386,0.217231,0.893386,0.175115,0.92147,0.175115,0.990078,0.689989,0.730625,0.689989,0.730625,0.641997,0.990078,0.641997,0.316519,0.103755,0.316519,0.198979,0.270989,0.198979,0.270989,0.103755,0.077589,0.726406,0.077589,0.466954,0.125581,0.466954,0.125581,0.726406,0.875239,0.004435,0.970464,0.004435,0.92147,0.024814,0.893386,0.024814,0.970464,0.217159,0.970464,0.175026,0.970464,0.281482,0.970464,0.405721,0.92147,0.348094,0.92147,0.281482,0.875239,0.405721,0.893386,0.348094,0.875239,0.281482,0.893386,0.281482,0.875239,0.217159,0.875239,0.175026,0.893386,0.224332,0.92147,0.224332,0.893386,0.031038,0.92147,0.031038,0.92147,0.181339,0.893386,0.181339,0.990078,0.763259,0.730625,0.763259,0.730625,0.447678,0.990078,0.447678,0.386029,0.103755,0.386029,0.198979,0.004319,0.726406,0.004319,0.466954,0.3199,0.466954,0.3199,0.726406,0.563695,0.804172,0.424587,0.804172,0.424587,0.792172,0.548865,0.792172,0.600125,0.926976,0.600125,0.787868,0.612125,0.802698,0.612125,0.926976,0.673313,0.787868,0.673313,0.802698,0.563695,0.730984,0.548865,0.730984,0.665679,0.467131,0.665679,0.638337,0.65268,0.638337,0.65268,0.467131,0.936154,0.767915,0.964237,0.767915,0.964237,0.780914,0.936154,0.780914,0.648101,0.467131,0.648101,0.638337,0.635102,0.638337,0.635102,0.467131,0.870267,0.09937,0.788221,0.09937,0.788221,0.004146,0.870267,0.004146,0.133245,0.022292,0.133245,0.050376,0.073734,0.050376,0.073734,0.022292,0.201373,0.050376,0.201373,0.022292,0.24922,0.022292,0.24922,0.050376,0.642898,0.203282,0.642898,0.462734,0.588374,0.462734,0.588374,0.203282,0.527062,0.09937,0.527062,0.004146,0.578787,0.004146,0.578787,0.09937,0.087571,0.462734,0.087571,0.203282,0.142095,0.203282,0.142095,0.462734,0.443127,0.004146,0.443127,0.09937,0.419975,0.050376,0.419975,0.022292,0.201455,0.09937,0.249321,0.09937,0.128378,0.09937,0.004138,0.09937,0.061766,0.050376,0.128378,0.050376,0.004138,0.004146,0.061766,0.022292,0.128378,0.004146,0.128378,0.022292,0.201455,0.004146,0.249321,0.004146,0.194272,0.022292,0.194272,0.050376,0.41375,0.022292,0.41375,0.050376,0.242996,0.050376,0.242996,0.022292,0.726139,0.203282,0.726139,0.462734,0.367611,0.462734,0.367611,0.203282,0.448092,0.09937,0.448092,0.004146,0.00433,0.462734,0.00433,0.203282,0.362857,0.203282,0.362857,0.462734,0.280055,0.730887,0.419163,0.730887,0.419163,0.74452,0.294885,0.74452,0.635184,0.782445,0.635184,0.643337,0.648817,0.658166,0.648817,0.782445,0.718332,0.643337,0.718332,0.658166,0.280055,0.814035,0.294885,0.814035,0.612945,0.467201,0.612945,0.661705,0.599946,0.661705,0.599946,0.467201,0.581695,0.766232,0.581695,0.794315,0.568696,0.794315,0.568696,0.766232,0.630523,0.467201,0.630523,0.661705,0.617524,0.661705,0.617524,0.467201,0.758052,0.442603,0.758052,0.360557,0.853276,0.360557,0.853276,0.442603,0.517721,0.121902,0.517721,0.149985,0.45821,0.149985,0.45821,0.121902,0.570806,0.149985,0.570806,0.121902,0.606859,0.121902,0.606859,0.149985,0.212001,0.730625,0.212001,0.990078,0.170918,0.990078,0.170918,0.730625,0.758052,0.163775,0.853276,0.163775,0.853276,0.20275,0.758052,0.20275,0.387608,0.726406,0.387608,0.466954,0.428692,0.466954,0.428692,0.726406,0.752966,0.103755,0.752966,0.198979,0.735521,0.149985,0.735521,0.121902,0.570867,0.198979,0.606934,0.198979,0.515804,0.198979,0.391565,0.198979,0.449192,0.149985,0.515804,0.149985,0.391565,0.103755,0.449192,0.121902,0.515804,0.103755,0.515804,0.121902,0.570867,0.103755,0.606934,0.103755,0.563705,0.121902,0.563704,0.149985,0.729296,0.121902,0.729296,0.149985,0.600634,0.149985,0.600634,0.121902,0.274722,0.730625,0.274722,0.990078,0.004575,0.990078,0.004575,0.730625,0.758052,0.104272,0.853276,0.104272,0.324887,0.726406,0.324887,0.466954,0.595035,0.466954,0.595035,0.726406,0.723415,0.768479,0.862523,0.768479,0.862523,0.778751,0.738244,0.778751,0.868088,0.907445,0.868088,0.768337,0.878361,0.783166,0.878361,0.907445,0.93074,0.768337,0.93074,0.783166,0.723415,0.83113,0.738244,0.83113,0.683257,0.467737,0.683257,0.614295,0.670258,0.614295,0.670258,0.467737,0.581055,0.761567,0.569258,0.736081,0.581055,0.730621,0.592851,0.756106,0.700835,0.467737,0.700835,0.614295,0.687836,0.614295,0.687836,0.467737]],