{
    "metadata": {
        "version": 3,
        "generator": "io_three",
        "uvs": 1,
        "materials": 2,
        "colors": 0,
        "vertices": 30,
        "faces": 22,
        "type": "Geometry"
    },
    "vertices": [-14.1389,7.48074,16.2426,-14.1389,2.35507,16.2426,-14.3516,7.71415,15.9741,-14.3516,2.12165,15.9741,-14.1389,7.48074,40.3105,-14.1389,2.35507,40.3105,-14.3516,7.71415,40.579,-14.3516,2.12165,40.579,-14.1389,7.71415,15.9741,-14.1389,2.12165,15.9741,-14.1389,2.12165,40.579,-14.1389,7.71415,40.579,-14.3516,2.14656,15.9741,-14.3516,2.14656,40.579,-14.3516,2.12166,36.9646,-14.3516,2.12165,37.7324,-14.1389,2.12166,36.9646,-14.1389,2.12165,37.7324,-14.1389,-0.170191,36.9646,-14.3516,-0.170191,36.9646,-14.3516,-0.170193,37.7323,-14.1389,-0.170193,37.7323,-14.3516,2.12165,18.7323,-14.3516,2.12165,19.5,-14.1389,2.12165,18.7323,-14.1389,2.12165,19.5,-14.1389,-0.170192,18.7322,-14.3516,-0.170192,18.7322,-14.3516,-0.170194,19.5,-14.1389,-0.170194,19.5],
    "uvs": [[0,0,1,0,1,1,0,1]],
    "faces": [11,9,3,2,8,0,0,1,2,3,11,7,10,11,6,0,0,1,2,3,11,0,4,5,1,1,2,3,0,1,11,8,2,6,11,0,0,1,2,3,11,10,7,3,9,0,0,1,2,3,11,0,1,9,8,0,0,1,2,3,11,5,4,11,10,0,0,1,2,3,11,1,5,10,9,0,0,1,2,3,11,4,0,8,11,0,0,1,2,3,11,6,2,12,13,0,2,1,1,2,11,17,16,14,15,0,0,3,2,1,11,21,20,19,18,0,0,1,2,3,11,15,14,19,20,0,1,2,2,1,11,17,15,20,21,0,0,1,1,0,11,14,16,18,19,0,2,3,3,2,11,16,17,21,18,0,3,0,0,3,11,25,24,22,23,0,0,3,2,1,11,29,28,27,26,0,0,1,2,3,11,23,22,27,28,0,1,2,2,1,11,25,23,28,29,0,0,1,1,0,11,22,24,26,27,0,2,3,3,2,11,24,25,29,26,0,3,0,0,3],
    "materials": [{
        "opacity": 1,
        "specularCoef": 52,
        "colorEmissive": [0,0,0],
        "wireframe": false,
        "mapLightRepeat": [1,1],
        "colorAmbient": [0.56,0.56,0.56],
        "mapLightAnisotropy": 1,
        "DbgIndex": 0,
        "depthWrite": true,
        "mapLightWrap": ["RepeatWrapping","RepeatWrapping"],
        "transparent": false,
        "visible": true,
        "DbgColor": 15658734,
        "blending": "NormalBlending",
        "vertexColors": false,
        "colorSpecular": [0,0,0],
        "mapLight": "ext_cemento_diff.jpg",
        "shading": "phong",
        "colorDiffuse": [0.56,0.56,0.56],
        "DbgName": "Cemento_Edif",
        "depthTest": true
    },{
        "opacity": 1,
        "specularCoef": 50,
        "colorEmissive": [0,0,0],
        "wireframe": false,
        "mapLightRepeat": [1,1],
        "colorAmbient": [0.64,0.64,0.64],
        "mapLightAnisotropy": 1,
        "DbgIndex": 1,
        "depthWrite": true,
        "mapLightWrap": ["RepeatWrapping","RepeatWrapping"],
        "transparent": false,
        "visible": true,
        "DbgColor": 15597568,
        "blending": "NormalBlending",
        "vertexColors": false,
        "colorSpecular": [0.5,0.5,0.5],
        "mapLight": "Expovirtual salud y belleza.jpg",
        "shading": "phong",
        "colorDiffuse": [0.64,0.64,0.64],
        "DbgName": "Material",
        "depthTest": true
    }],
    "colors": [],
    "name": "Cube.005Geometry"
}