{
    "metadata": {
        "uvs": 2,
        "vertices": 102,
        "materials": 2,
        "version": 3,
        "faces": 246,
        "type": "Geometry",
        "generator": "io_three",
        "colors": 0
    },
    "uvs": [[3.0994,0.7991,-1.3794,0.7991,-1.3794,0.2009,3.0994,0.2009,3.0994,-1.6133,3.0994,-0.9487,-1.3794,-0.9487,-1.3794,-1.6133,0.7991,-1.6133,0.7991,-0.9487,0.2009,-0.9487,0.2009,-1.6133,2.3794,-1.6133,2.3794,-0.9487,-2.0994,-0.9487,-2.0994,-1.6133,-1.2868,-0.9487,-3.0256,-0.9487,-3.0256,-1.6133,-1.2868,-1.6133,3.0994,-1.2868,-1.3794,-1.2868,-1.3794,-3.0256,3.0994,-3.0256,2.2868,-0.0119,4.0256,-0.0119,4.0256,2.6133,2.2868,2.6133,-1.3794,2.2868,3.0994,2.2868,3.0994,4.0256,-1.3794,4.0256,-6.7857,-0.9487,-6.7857,-1.6133,-1.3794,-6.7857,3.0994,-6.7857,7.7857,-0.0119,7.7857,2.6133,3.0994,7.7857,-1.3794,7.7857,3.0994,2.6133,-1.3794,2.6133,-1.3794,-0.0119,3.0994,-0.0119,0.2009,2.6133,0.2009,-0.0119,0.7991,-0.0119,0.7991,2.6133,2.3794,2.6133,-2.0994,2.6133,-2.0994,-0.0119,2.3794,-0.0119,-1.2868,2.6133,-3.0256,2.6133,-3.0256,-0.0119,-1.2868,-0.0119,2.2868,-0.9487,4.0256,-0.9487,-6.7857,2.6133,-6.7857,-0.0119,7.7857,-0.9487,-2.0994,-1.2868,-2.0994,-3.0256,-2.0994,0.7991,-2.0994,0.2009,-2.0994,4.0256,-2.0994,2.2868,2.2868,-1.6133,4.0256,-1.6133,7.7857,-1.6133,1.8131,-0.9487,1.8131,-1.6133,1.8131,0.7991,1.8131,0.2009,-0.8131,-1.6133,-0.8131,-0.9487,0.7991,-3.1675,2.2868,-3.1675,-3.0256,-3.1675,-1.2868,-3.1675,4.0256,-3.1675,-1.3794,-3.1675,3.0994,-3.1675,7.7857,-3.1675,-6.7857,-3.1675,-2.0994,-3.1675,2.3794,-3.1675,0.2009,-3.1675,-0.8131,-3.1675,1.8131,-3.1675],[0.354652,0.00439,0.354652,0.230711,0.326989,0.230711,0.326989,0.00439,0.569367,0.824098,0.532438,0.824098,0.532438,0.597777,0.569367,0.597777,0.326989,0.506867,0.326989,0.469938,0.354652,0.469938,0.354652,0.506867,0.681761,0.565461,0.681761,0.528532,0.908082,0.528532,0.908082,0.565461,0.940589,0.587216,0.940589,0.624145,0.912927,0.624145,0.912927,0.587216,0.423444,0.469938,0.503847,0.469938,0.503847,0.506867,0.423444,0.506867,0.258197,0.00439,0.258197,0.230711,0.177794,0.230711,0.177794,0.00439,0.249616,0.773525,0.330018,0.773525,0.330018,0.9194,0.249616,0.9194,0.084369,0.721468,0.003966,0.721468,0.003966,0.684539,0.084369,0.684539,0.423444,0.230711,0.423444,0.00439,0.503847,0.00439,0.503847,0.230711,0.258197,0.417881,0.177794,0.417881,0.177794,0.272007,0.258197,0.272007,0.677713,0.469938,0.677713,0.506867,0.003928,0.230711,0.003928,0.00439,0.862525,0.179775,0.985467,0.179775,0.985467,0.32565,0.862525,0.32565,0.708228,0.20236,0.83117,0.20236,0.83117,0.239289,0.708228,0.239289,0.677713,0.00439,0.677713,0.230711,0.003928,0.417881,0.003928,0.272007,0.334507,0.824098,0.334507,0.597777,0.480381,0.597777,0.480381,0.824098,0.354652,0.272007,0.354652,0.417881,0.326989,0.417881,0.326989,0.272007,0.681761,0.3306,0.908082,0.3306,0.908082,0.476475,0.681761,0.476475,0.729333,0.80243,0.729333,0.656555,0.756995,0.656555,0.756995,0.80243,0.423444,0.272007,0.503847,0.272007,0.503847,0.417881,0.423444,0.417881,0.249616,0.721468,0.330018,0.721468,0.084369,0.9194,0.003966,0.9194,0.003966,0.773525,0.084369,0.773525,0.258197,0.469938,0.177794,0.469938,0.677713,0.272007,0.677713,0.417881,0.862525,0.127718,0.985467,0.127718,0.708228,0.004428,0.83117,0.004429,0.83117,0.150303,0.708228,0.150303,0.003928,0.469938,0.836799,0.127718,0.836799,0.090789,0.862525,0.090789,0.836799,0.32565,0.836799,0.179775,0.258197,0.267094,0.177794,0.267094,0.953488,0.626648,0.953488,0.480774,0.989871,0.480774,0.989871,0.626648,0.948855,0.426917,0.912473,0.426917,0.912473,0.399255,0.948855,0.399255,0.989871,0.330383,0.989871,0.476258,0.953488,0.476258,0.953488,0.330383,0.503847,0.267094,0.423444,0.267094,0.682502,0.150303,0.682502,0.004428,0.682502,0.20236,0.258197,0.506867,0.249616,0.684539,0.180823,0.721468,0.180823,0.684539,0.153161,0.721468,0.153161,0.773525,0.66054,0.80243,0.66054,0.656555,0.825788,0.656555,0.825788,0.80243,0.948855,0.49571,0.912473,0.49571,0.912473,0.330462,0.948855,0.330462,0.180823,0.773525,0.330018,0.684539,0.177794,0.506867,0.985467,0.090789,0.003928,0.506867,0.682502,0.239289,0.153161,0.684539,0.912813,0.668644,0.912813,0.631714,0.977813,0.631714,0.977813,0.668644,0.966094,0.760583,0.966094,0.788245,0.901094,0.788245,0.901094,0.760583,0.895781,0.657105,0.895781,0.694034,0.830781,0.694034,0.830781,0.657105,0.326989,0.593228,0.258197,0.593228,0.503847,0.593228,0.423444,0.593228,0.177794,0.593228,0.655728,0.597777,0.655728,0.824098,0.862525,0.004429,0.985467,0.004429,0.677713,0.593228,0.908082,0.651821,0.681761,0.651821,0.003928,0.593228,0.83117,0.32565,0.708228,0.32565,0.084369,0.598179,0.153161,0.598179,0.249616,0.598179,0.330018,0.598179,0.003966,0.598179,0.836799,0.004429,0.682502,0.32565,0.354652,0.593228,0.180823,0.598179,0.912927,0.500855,0.940589,0.500855,0.895781,0.780395,0.830781,0.780395,0.977813,0.755004,0.912813,0.755004]],
    "vertices": [-72.3241,20.154,54.804,-52.8984,20.154,54.804,-52.8984,20.154,52.4297,-72.3241,20.154,52.4297,-72.3241,-0.004616,24.7006,-72.3241,3.16509,24.7006,-52.8984,3.16509,24.7006,-52.8984,-0.004616,24.7006,-72.3241,-0.00462,54.804,-72.3241,3.16509,54.804,-72.3241,3.16509,52.4297,-72.3241,-0.00462,52.4297,-52.8984,-0.004623,82.5331,-52.8984,3.16509,82.5331,-72.3241,3.16509,82.5332,-72.3241,-0.004623,82.5332,-55.3547,-0.00462,52.4297,-55.3547,3.16509,52.4297,-55.3547,3.16509,54.804,-55.3547,-0.00462,54.804,-72.3241,3.16509,46.5251,-72.3241,3.16509,39.624,-72.3241,-0.004618,39.624,-72.3241,-0.004619,46.5251,-72.3241,20.154,46.5251,-52.8984,20.154,46.5251,-52.8984,20.154,39.624,-72.3241,20.154,39.624,-49.7756,7.63324,46.5251,-49.7756,7.63324,39.624,-49.7756,20.154,39.624,-49.7756,20.154,46.5251,-49.7756,3.16509,60.7086,-49.7756,3.16509,67.6098,-49.7756,-0.004621,67.6098,-49.7756,-0.004621,60.7086,-52.8984,20.154,60.7086,-72.3241,20.154,60.7087,-72.3241,20.154,67.6098,-52.8984,20.154,67.6098,-72.3241,7.63324,60.7087,-72.3241,7.63323,67.6098,-52.8984,20.154,24.7006,-72.3241,20.154,24.7006,-52.8984,7.63324,39.624,-52.8984,7.63324,24.7006,-52.8984,3.16509,67.6098,-52.8984,-0.004621,67.6098,-72.3241,20.154,82.5332,-52.8984,20.154,82.5331,-72.3241,7.63323,82.5332,-72.3241,7.63324,24.7006,-72.3241,7.63324,52.4297,-72.3241,7.63324,54.804,-52.8984,7.63323,82.5331,-52.8984,7.63324,54.804,-52.8984,7.63324,52.4297,-72.3241,7.63324,39.624,-72.3241,7.63324,46.5251,-49.7756,3.16509,46.5251,-49.7756,3.16509,39.624,-49.7756,20.154,60.7086,-49.7756,20.154,67.6098,-49.7756,7.63323,67.6098,-49.7756,7.63324,60.7086,-72.3241,3.16509,60.7087,-72.3241,3.16509,67.6098,-52.8984,3.16509,39.624,-52.8984,7.63323,67.6098,-49.7756,-0.004618,39.624,-52.8984,-0.004618,39.624,-52.8984,7.63324,46.5251,-49.7756,7.63324,54.804,-49.7756,7.63324,52.4297,-52.8984,7.63324,60.7086,-72.3241,-0.004621,60.7087,-49.7756,-0.004619,46.5251,-49.7756,3.16509,52.4297,-49.7756,-0.00462,52.4297,-49.7756,3.16509,54.804,-72.3241,-0.004621,67.6098,-49.7756,-0.00462,54.804,-72.3241,-7.41715,54.804,-72.3241,-7.41715,60.7087,-72.3241,-7.41715,39.6239,-72.3241,-7.41715,46.5251,-72.3241,-7.41715,67.6098,-52.8984,-7.41715,24.7006,-72.3241,-7.41715,24.7006,-52.8984,-7.41715,39.6239,-72.3241,-7.41715,82.5332,-52.8984,-7.41715,82.5331,-52.8984,-7.41715,67.6098,-49.7756,-7.41715,60.7086,-49.7756,-7.41715,54.804,-49.7756,-7.41715,46.5251,-49.7756,-7.41715,39.6239,-49.7756,-7.41715,67.6098,-72.3241,-7.41715,52.4297,-49.7756,-7.41715,52.4297,-55.3547,-7.41715,54.804,-55.3547,-7.41715,52.4297],
    "name": "_ncl1_3Geometry",
    "colors": [],
    "materials": [{
        "wireframe": false,
        "vertexColors": false,
        "DbgName": "Vidrio",
        "colorAmbient": [0.56,0.56,0.56],
        "opacity": 1,
        "transparent": false,
        "DbgIndex": 0,
        "blending": "NormalBlending",
        "depthWrite": true,
        "mapLightWrap": ["RepeatWrapping","RepeatWrapping"],
        "visible": true,
        "shading": "phong",
        "colorEmissive": [0.672,0.672,0.672],