{
    "faces": [138,0,1,2,0,0,1,2,0,1,2,0,0,0,138,3,2,1,0,3,2,1,3,2,1,0,0,0,138,2,3,4,0,2,3,4,2,3,4,0,0,0,138,5,4,3,0,5,4,3,5,4,3,0,0,0,138,4,5,6,0,4,5,6,4,5,6,0,0,0,138,7,6,5,0,7,6,5,7,6,5,0,0,0,138,6,7,8,0,6,7,8,6,7,8,0,0,0,138,9,8,7,0,9,8,7,9,8,7,0,0,0,138,8,9,10,0,8,9,10,8,9,10,0,0,0,138,11,10,9,0,11,10,9,11,10,9,0,0,0,138,12,13,14,0,0,1,2,0,1,2,0,0,0,138,15,14,13,0,3,2,1,3,2,1,0,0,0,138,14,15,16,0,2,3,4,2,3,4,0,0,0,138,17,16,15,0,5,4,3,5,4,3,0,0,0,138,16,17,18,0,4,5,6,4,5,6,0,0,0,138,19,18,17,0,7,6,5,7,6,5,0,0,0,138,18,19,20,0,6,7,8,6,7,8,0,0,0,138,21,20,19,0,9,8,7,9,8,7,0,0,0,138,20,21,22,0,8,9,10,8,9,10,0,0,0,138,23,22,21,0,11,10,9,11,10,9,0,0,0],
    "metadata": {
        "faces": 51,
        "vertices": 24,
        "materials": 1,
        "generator": "io_three",
        "colors": 2,
        "type": "Geometry",
        "uvs": 2,
        "version": 3
    },
    "materials": [{
        "specularCoef": 255,
        "colorSpecular": [0.5,0.5,0.5],
        "mapLightWrap": ["RepeatWrapping","RepeatWrapping"],
        "mapLightRepeat": [1,1],
        "opacity": 1,
        "depthTest": true,
        "DbgColor": 15658734,
        "blending": "NormalBlending",
        "DbgIndex": 0,
        "vertexColors": false,
        "colorDiffuse": [0.56,0.56,0.56],
        "wireframe": false,
        "transparent": true,
        "depthWrite": true,
        "colorAmbient": [0.56,0.56,0.56],
        "shading": "phong",
        "colorEmissive": [0,0,0],
        "mapLightAnisotropy": 1,
        "visible": true,
        "DbgName": "Fondo",
        "mapLight": "Melbourne_City_trans.png"
    }],
    "vertices": [-153.97,51.5438,96.1167,-153.97,-10.1435,96.1167,-174.421,51.5438,24.978,-174.421,-10.1436,24.978,-182.717,51.5438,-54.5301,-182.717,-10.1436,-54.5301,-167.323,51.5438,-138.59,-167.323,-10.1436,-138.59,-146.382,51.5437,-219.87,-146.382,-10.1436,-219.87,-97.0229,51.5438,-293.164,-97.0229,-10.1436,-293.164,94.4575,51.5438,-294.404,94.4575,-10.1436,-294.404,134.134,51.5437,-231.917,134.134,-10.1436,-231.917,164.508,51.5438,-157.972,164.508,-10.1436,-157.972,173.436,51.5438,-72.982,173.436,-10.1436,-72.982,176.259,51.5438,10.9053,176.259,-10.1436,10.9053,149.565,51.5438,95.1408,149.565,-10.1436,95.1408],
    "colors": [16777215,0],
    "uvs": [[0,0.980314,0,0,0.2,0.980314,0.2,0,0.4,0.980314,0.4,0,0.6,0.980314,0.6,0,0.8,0.980314,0.8,0,1,0.980314,1,0],[0,1,0,0,0.2,1,0.2,0,0.4,1,0.4,0,0.6,1,0.6,0,0.8,1,0.8,0,1,1,1,0]],
    "name": "_ncl1_4.001Geometry"
}