{
    "name": "PlaneGeometry.12",
    "colors": [],
    "materials": [{
        "depthWrite": false,
        "DbgName": "arbol",
        "mapLightWrap": ["RepeatWrapping","RepeatWrapping"],
        "DbgColor": 15658734,
        "shading": "phong",
        "mapLight": "arbol_1.png",
        "depthTest": true,
        "vertexColors": false,
        "transparent": true,
        "mapLightRepeat": [1,1],
        "colorDiffuse": [0.64,0.64,0.64],
        "wireframe": false,
        "mapLightAnisotropy": 1,
        "colorSpecular": [0.5,0.5,0.5],
        "visible": true,
        "colorEmissive": [0,0,0],
        "blending": "NormalBlending",
        "specularCoef": 50,
        "opacity": 1,
        "colorAmbient": [0.64,0.64,0.64],
        "DbgIndex": 0
    }],
    "faces": [11,0,1,3,2,0,0,1,2,3,11,4,5,7,6,0,0,1,2,3,11,8,9,11,10,0,0,1,2,3,11,12,13,15,14,0,0,1,2,3,11,16,17,19,18,0,0,1,2,3,11,20,21,23,22,0,0,1,2,3,11,24,25,27,26,0,0,1,2,3,11,28,29,31,30,0,0,1,2,3,11,32,33,35,34,0,0,1,2,3,11,36,37,39,38,0,0,1,2,3,11,40,41,43,42,0,0,1,2,3,11,44,45,47,46,0,0,1,2,3,11,48,49,51,50,0,0,1,2,3,11,52,53,55,54,0,0,1,2,3,11,56,57,59,58,0,0,1,2,3,11,60,61,63,62,0,0,1,2,3,11,64,65,67,66,0,0,1,2,3,11,68,69,71,70,0,0,1,2,3,11,72,73,75,74,0,0,1,2,3,11,76,77,79,78,0,0,1,2,3,11,80,81,83,82,0,0,1,2,3,11,84,85,87,86,0,0,1,2,3,11,88,89,91,90,0,0,1,2,3,11,92,93,95,94,0,0,1,2,3,11,96,97,99,98,0,0,1,2,3,11,100,101,103,102,0,0,1,2,3,11,104,105,107,106,0,0,1,2,3,11,108,109,111,110,0,0,1,2,3,11,112,113,115,114,0,0,1,2,3,11,116,117,119,118,0,0,1,2,3,11,120,121,123,122,0,0,1,2,3,11,124,125,127,126,0,0,1,2,3],
    "uvs": [[0,0,1,0,1,1,0,1]],
    "metadata": {
        "materials": 1,
        "faces": 32,
        "uvs": 1,
        "vertices": 128,
        "colors": 0,
        "type": "Geometry",
        "version": 3,
        "generator": "io_three"
    },
    "vertices": [16.2062,0.806005,30.0655,25.0048,0.806005,30.0655,16.2062,9.37773,30.0655,25.0048,9.37773,30.0655,25.0048,0.806005,29.9063,16.2062,0.806005,29.9063,25.0048,9.37773,29.9063,16.2062,9.37773,29.9063,20.6055,0.806005,34.4648,20.6055,0.806005,25.6662,20.6055,9.37773,34.4648,20.6055,9.37773,25.6662,20.4463,0.806005,25.6662,20.4463,0.806005,34.4648,20.4463,9.37773,25.6662,20.4463,9.37773,34.4648,17.4947,0.806005,33.1762,23.7163,0.806005,26.9547,17.4947,9.37773,33.1762,23.7163,9.37773,26.9547,23.6037,0.806005,26.8421,17.3821,0.806005,33.0637,23.6037,9.37773,26.8421,17.3821,9.37773,33.0637,23.7163,0.806005,33.1762,17.4947,0.806005,26.9547,23.7163,9.37773,33.1762,17.4947,9.37773,26.9547,17.3821,0.806005,27.0673,23.6037,0.806005,33.2888,17.3821,9.37773,27.0673,23.6037,9.37773,33.2888,-24.5195,0.806005,30.0655,-15.7209,0.806005,30.0655,-24.5195,9.37773,30.0655,-15.7209,9.37773,30.0655,-15.7209,0.806005,29.9063,-24.5195,0.806005,29.9063,-15.7209,9.37773,29.9063,-24.5195,9.37773,29.9063,-20.1202,0.806005,34.4648,-20.1202,0.806005,25.6662,-20.1202,9.37773,34.4648,-20.1202,9.37773,25.6662,-20.2794,0.806005,25.6662,-20.2794,0.806005,34.4648,-20.2794,9.37773,25.6662,-20.2794,9.37773,34.4648,-23.2309,0.806005,33.1762,-17.0094,0.806005,26.9547,-23.2309,9.37773,33.1762,-17.0094,9.37773,26.9547,-17.122,0.806005,26.8421,-23.3435,0.806005,33.0637,-17.122,9.37773,26.8421,-23.3435,9.37773,33.0637,-17.0094,0.806005,33.1762,-23.2309,0.806005,26.9547,-17.0094,9.37773,33.1762,-23.2309,9.37773,26.9547,-23.3435,0.806005,27.0673,-17.122,0.806005,33.2888,-23.3435,9.37773,27.0673,-17.122,9.37773,33.2888,-36.3749,0.806006,80.517,-27.5763,0.806006,80.517,-36.3749,9.37773,80.517,-27.5763,9.37773,80.517,-27.5763,0.806006,80.3578,-36.3749,0.806006,80.3578,-27.5763,9.37773,80.3578,-36.3749,9.37773,80.3578,-31.9756,0.806006,84.9163,-31.9756,0.806006,76.1177,-31.9756,9.37773,84.9163,-31.9756,9.37773,76.1177,-32.1348,0.806006,76.1177,-32.1348,0.806006,84.9163,-32.1348,9.37773,76.1177,-32.1348,9.37773,84.9163,-35.0864,0.806006,83.6277,-28.8648,0.806006,77.4062,-35.0864,9.37773,83.6277,-28.8648,9.37773,77.4062,-28.9774,0.806006,77.2936,-35.199,0.806006,83.5152,-28.9774,9.37773,77.2936,-35.199,9.37773,83.5152,-28.8648,0.806006,83.6277,-35.0864,0.806006,77.4062,-28.8648,9.37773,83.6277,-35.0864,9.37773,77.4062,-35.199,0.806006,77.5188,-28.9774,0.806006,83.7403,-35.199,9.37773,77.5188,-28.9774,9.37773,83.7403,27.908,0.806006,80.517,36.7066,0.806006,80.517,27.908,9.37773,80.517,36.7066,9.37773,80.517,36.7066,0.806006,80.3578,27.908,0.806006,80.3578,36.7066,9.37773,80.3578,27.908,9.37773,80.3578,32.3073,0.806006,84.9163,32.3073,0.806006,76.1177,32.3073,9.37773,84.9163,32.3073,9.37773,76.1177,32.1481,0.806006,76.1177,32.148,0.806006,84.9163,32.1481,9.37773,76.1177,32.148,9.37773,84.9163,29.1965,0.806006,83.6277,35.418,0.806006,77.4062,29.1965,9.37773,83.6277,35.418,9.37773,77.4062,35.3055,0.806006,77.2936,29.0839,0.806006,83.5152,35.3055,9.37773,77.2936,29.0839,9.37773,83.5152,35.418,0.806006,83.6277,29.1965,0.806006,77.4062,35.418,9.37773,83.6277,29.1965,9.37773,77.4062,29.0839,0.806006,77.5188,35.3055,0.806006,83.7403,29.0839,9.37773,77.5188,35.3055,9.37773,83.7403]
}