{
    "metadata": {
        "uvs": 2,
        "vertices": 12,
        "materials": 1,
        "version": 3,
        "faces": 26,
        "type": "Geometry",
        "generator": "io_three",
        "colors": 2
    },
    "uvs": [[0,0.980314,0,0,0.2,0.980314,0.2,0,0.4,0.980314,0.4,0,0.6,0.980314,0.6,0,0.8,0.980314,0.8,0,1,0.980314,1,0],[0,1,0,0,0.2,1,0.2,0,0.4,1,0.4,0,0.6,1,0.6,0,0.8,1,0.8,0,1,1,1,0]],
    "vertices": [147.286,51.5438,93.0964,147.286,-10.1435,93.0963,112.175,51.5438,171.222,112.175,-10.1436,171.222,40.2598,51.5438,217.746,40.2598,-10.1436,217.746,-45.3925,51.5438,217.746,-45.3925,-10.1436,217.746,-117.308,51.5438,171.221,-117.308,-10.1436,171.221,-152.419,51.5438,93.0964,-152.419,-10.1435,93.0963],
    "name": "_ncl1_4Geometry",
    "colors": [16777215,0],
    "materials": [{
        "mapLightAnisotropy": 1,
        "depthWrite": true,
        "wireframe": false,
        "depthTest": true,
        "colorDiffuse": [0.56,0.56,0.56],
        "DbgName": "Fondo",
        "opacity": 1,
        "mapLightWrap": ["RepeatWrapping","RepeatWrapping"],
        "mapLight": "Melbourne_City_trans.png",
        "visible": true,
        "DbgIndex": 0,
        "DbgColor": 15658734,
        "blending": "NormalBlending",
        "shading": "phong",
        "transparent": true,
        "mapLightRepeat": [1,1],
        "colorAmbient": [0.56,0.56,0.56],
        "specularCoef": 0,
        "colorEmissive": [0.5,0.5,0.5],
        "vertexColors": false,
        "colorSpecular": [1,1,1]
    }],
    "faces": [138,0,1,2,0,0,1,2,0,1,2,0,0,0,138,3,2,1,0,3,2,1,3,2,1,0,0,0,138,2,3,4,0,2,3,4,2,3,4,0,0,0,138,5,4,3,0,5,4,3,5,4,3,0,0,0,138,4,5,6,0,4,5,6,4,5,6,0,0,0,138,7,6,5,0,7,6,5,7,6,5,0,0,0,138,6,7,8,0,6,7,8,6,7,8,0,0,0,138,9,8,7,0,9,8,7,9,8,7,0,0,0,138,8,9,10,0,8,9,10,8,9,10,0,0,0,138,11,10,9,0,11,10,9,11,10,9,0,0,0]
}