{
    "vertices": [-6.06632,13.0846,2.76412,6.52385,13.0846,2.76412,6.52385,14.0374,6.80903,-6.06632,14.0374,6.80903,6.52385,15.3393,10.2493,6.52385,15.3393,5.11539,-6.06632,15.3393,5.11539,-6.06632,15.3393,10.2493,6.52385,12.852,-0.01853,-6.06632,12.852,-0.01853,-6.06632,15.3393,-0.01853,6.52385,15.3393,-0.01853,-7.26763,7.94973,3.98756,7.72517,7.94973,3.98756,7.72517,8.9025,9.81217,-7.26763,8.9025,9.81217,7.72517,10.2044,14.7661,7.72517,10.2044,7.37336,-7.26763,10.2044,7.37336,-7.26763,10.2044,14.7661,7.72517,7.71708,-0.019406,-7.26763,7.71708,-0.019406,-7.26763,10.2044,-0.019405,7.72517,10.2044,-0.019405,-4.66869,18.7745,1.5249,5.12623,18.7745,1.5249,5.12623,19.7273,3.76719,-4.66869,19.7273,3.76719,5.12623,21.0292,5.67429,5.12623,21.0292,2.82832,-4.66869,21.0292,2.82832,-4.66869,21.0292,5.67429,5.12623,18.5419,-0.017646,-4.66869,18.5419,-0.017646,-4.66869,21.0292,-0.017646,5.12623,21.0292,-0.017646],
    "metadata": {
        "generator": "io_three",
        "version": 3,
        "vertices": 36,
        "uvs": 2,
        "faces": 91,
        "type": "Geometry",
        "materials": 1,
        "colors": 0
    },
    "name": "_ncl1_9Geometry",
    "faces": [10,0,1,2,0,0,1,2,0,1,2,10,2,3,0,0,2,3,0,2,3,0,10,4,5,6,0,4,5,6,4,5,6,10,6,7,4,0,6,7,4,6,7,4,10,3,2,4,0,3,2,8,3,2,8,10,4,7,3,0,8,9,3,8,9,3,10,2,1,5,0,10,11,12,10,11,12,10,5,4,2,0,12,13,10,12,13,10,10,8,9,10,0,14,15,16,14,15,16,10,10,11,8,0,16,17,14,16,17,14,10,0,6,10,0,18,19,20,18,19,20,10,10,9,0,0,20,21,18,20,21,18,10,9,8,1,0,15,14,1,15,14,1,10,1,0,9,0,1,0,15,1,0,15,10,11,10,6,0,22,23,6,22,23,6,10,6,5,11,0,6,5,22,6,5,22,10,1,8,11,0,11,24,25,11,24,25,10,11,5,1,0,25,12,11,25,12,11,10,3,7,6,0,26,27,19,26,27,19,10,6,0,3,0,19,18,26,19,18,26,10,12,13,14,0,28,29,30,28,29,30,10,14,15,12,0,30,31,28,30,31,28,10,16,17,18,0,32,33,34,32,33,34,10,18,19,16,0,34,35,32,34,35,32,10,15,14,16,0,31,30,36,31,30,36,10,16,19,15,0,36,37,31,36,37,31,10,14,13,17,0,38,39,40,38,39,40,10,17,16,14,0,40,41,38,40,41,38,10,20,21,22,0,42,43,44,42,43,44,10,22,23,20,0,44,45,42,44,45,42,10,12,18,22,0,46,47,48,46,47,48,10,22,21,12,0,48,49,46,48,49,46,10,21,20,13,0,43,42,29,43,42,29,10,13,12,21,0,29,28,43,29,28,43,10,23,22,18,0,50,51,34,50,51,34,10,18,17,23,0,34,33,50,34,33,50,10,13,20,23,0,39,52,53,39,52,53,10,23,17,13,0,53,40,39,53,40,39,10,15,19,18,0,54,55,47,54,55,47,10,18,12,15,0,47,46,54,47,46,54,10,24,25,26,0,56,57,58,56,57,58,10,26,27,24,0,58,59,56,58,59,56,10,28,29,30,0,60,61,62,60,61,62,10,30,31,28,0,62,63,60,62,63,60,10,27,26,28,0,59,58,64,59,58,64,10,28,31,27,0,64,65,59,64,65,59,10,26,25,29,0,66,67,68,66,67,68,10,29,28,26,0,68,69,66,68,69,66,10,32,33,34,0,70,71,72,70,71,72,10,34,35,32,0,72,73,70,72,73,70,10,24,30,34,0,74,75,76,74,75,76,10,34,33,24,0,76,77,74,76,77,74,10,33,32,25,0,78,79,57,78,79,57,10,25,24,33,0,57,56,78,57,56,78,10,35,34,30,0,73,72,62,73,72,62,10,30,29,35,0,62,61,73,62,61,73,10,25,32,35,0,67,80,81,67,80,81,10,35,29,25,0,81,68,67,81,68,67,10,27,31,30,0,82,83,75,82,83,75,10,30,24,27,0,75,74,82,75,74,82],
    "colors": [],
    "materials": [{
        "mapLightAnisotropy": 1,
        "depthWrite": true,
        "wireframe": false,
        "depthTest": true,
        "colorDiffuse": [0.56,0.56,0.56],
        "DbgName": "Rojo",
        "opacity": 1,
        "mapLightWrap": ["RepeatWrapping","RepeatWrapping"],
        "mapLight": "ext_techos_rojos_diff.jpg",
        "visible": true,
        "DbgIndex": 0,
        "DbgColor": 15658734,
        "blending": "NormalBlending",
        "shading": "phong",
        "transparent": false,
        "mapLightRepeat": [1,1],
        "colorAmbient": [0.56,0.56,0.56],
        "specularCoef": 52,
     "colorEmissive": [0,0,0],
        "vertexColors": false,
        "colorSpecular": [0,0,0]
    }],
    "uvs": [[0.817448,0.656997,0.446224,0.656997,0.446224,0.541714,0.817448,0.541714,0.004818,0.819343,0.004818,0.667969,0.376041,0.667969,0.376041,0.819343,0.446224,0.445316,0.817448,0.445316,0.857658,0.647594,0.829566,0.528329,0.896044,0.597656,0.896044,0.749031,0.446224,0.737727,0.817448,0.737727,0.817448,0.74609,0.446224,0.74609,0.907691,0.666984,0.974169,0.597656,0.974169,0.749031,0.900831,0.749031,0.004818,0.516594,0.376041,0.516594,0.822706,0.446282,0.896044,0.446282,0.935783,0.547719,0.974169,0.446282,0.446619,0.305361,0.004553,0.305361,0.004553,0.141219,0.446619,0.141219,0.451819,0.440633,0.451819,0.222656,0.893884,0.222656,0.893884,0.440633,0.004553,0.004158,0.446619,0.004158,0.150747,0.472893,0.322487,0.4448,0.222656,0.511278,0.004679,0.511278,0.004553,0.420468,0.446619,0.420468,0.446619,0.433342,0.004553,0.433342,0.905738,0.322487,0.972216,0.222656,0.972216,0.440633,0.898878,0.440633,0.451819,0.004679,0.893884,0.004679,0.440633,0.43794,0.440633,0.511278,0.93383,0.150747,0.972216,0.004679,0.669793,0.888593,0.380988,0.888593,0.380988,0.816769,0.669793,0.816769,0.673957,0.937157,0.673957,0.862102,0.962762,0.862102,0.962762,0.937157,0.380988,0.750258,0.669793,0.750258,0.232083,0.859612,0.298197,0.831519,0.259766,0.897997,0.175852,0.897997,0.673957,0.75425,0.962762,0.75425,0.962762,0.787047,0.673957,0.787047,0.049459,0.831519,0.087891,0.897997,0.003977,0.897997,0.003977,0.824659,0.669793,0.933336,0.380988,0.933336,0.343679,0.824659,0.343679,0.897997,0.115573,0.859612,0.171804,0.897997],[0.817448,0.656997,0.446224,0.656997,0.446224,0.541714,0.817448,0.541714,0.004818,0.819343,0.004818,0.667969,0.376041,0.667969,0.376041,0.819343,0.446224,0.445316,0.817448,0.445316,0.857658,0.647594,0.829566,0.528329,0.896044,0.597656,0.896044,0.749031,0.446224,0.737727,0.817448,0.737727,0.817448,0.74609,0.446224,0.74609,0.907691,0.666984,0.974169,0.597656,0.974169,0.749031,0.900831,0.749031,0.004818,0.516594,0.376041,0.516594,0.822706,0.446282,0.896044,0.446282,0.935783,0.547719,0.974169,0.446282,0.446619,0.305361,0.004553,0.305361,0.004553,0.141219,0.446619,0.141219,0.451819,0.440633,0.451819,0.222656,0.893884,0.222656,0.893884,0.440633,0.004553,0.004158,0.446619,0.004158,0.150747,0.472893,0.322487,0.4448,0.222656,0.511278,0.004679,0.511278,0.004553,0.420468,0.446619,0.420468,0.446619,0.433342,0.004553,0.433342,0.905738,0.322487,0.972216,0.222656,0.972216,0.440633,0.898878,0.440633,0.451819,0.004679,0.893884,0.004679,0.440633,0.43794,0.440633,0.511278,0.93383,0.150747,0.972216,0.004679,0.669793,0.888593,0.380988,0.888593,0.380988,0.816769,0.669793,0.816769,0.673957,0.937157,0.673957,0.862102,0.962762,0.862102,0.962762,0.937157,0.380988,0.750258,0.669793,0.750258,0.232083,0.859612,0.298197,0.831519,0.259766,0.897997,0.175852,0.897997,0.673957,0.75425,0.962762,0.75425,0.962762,0.787047,0.673957,0.787047,0.049459,0.831519,0.087891,0.897997,0.003977,0.897997,0.003977,0.824659,0.669793,0.933336,0.380988,0.933336,0.343679,0.824659,0.343679,0.897997,0.115573,0.859612,0.171804,0.897997]]
}