{
    "vertices": [-10.5339,-0,0.067895,10.2862,-0,0.067895,-41.5828,1e-06,-5.24936,26.0177,-0,0.067898,41.7422,0,-0.16543,49.8036,0,-0.16543,-41.5828,-0,2.71566,-10.5339,-0,2.71566,-52.8536,1e-06,-5.24936,26.0177,-1e-06,7.32253,41.7422,-1e-06,7.32253,49.8036,-1e-06,7.32253,41.7422,-2e-06,16.626,49.8036,-2e-06,16.626,-5.09942,-2.66146,5.26907,10.2862,-2.66146,5.26907,20.5832,-2.66146,5.26907,20.5832,-2.66146,12.757,36.3077,-2.66146,12.757,36.3077,-2.66146,22.0605,55.2381,-2.66146,22.0605,55.2381,-2.66146,12.757,55.2381,-2.66146,5.26907,-58.2881,-2.66146,0.185141,-47.0173,-2.66146,0.185146,-47.0173,-2.66146,8.15016,-5.09942,-2.66146,8.15016,-48.5376,3e-06,-25.1324,31.2186,3e-06,-25.1324,3.44268,3e-06,-25.1324,-52.8536,3e-06,-25.1324,-56.207,-1.64228,-25.1324,41.7422,3e-06,-25.1324,15.4571,3e-06,-25.1324,-10.4343,3e-06,-25.1324,55.2381,-2.66145,-25.1324,26.0177,3e-06,-25.1324,44.4085,3e-06,-25.1324,51.3726,-0.768353,-25.1324,-31.3772,3e-06,-25.1324,-58.2881,-2.66145,-25.1324,49.8036,3e-06,-25.1324,-41.5828,3e-06,-25.1324,10.2862,3e-06,-25.1324],
    "metadata": {
        "generator": "io_three",
        "uvs": 2,
        "type": "Geometry",
        "version": 3,
        "materials": 2,
        "vertices": 44,
        "faces": 75,
        "colors": 0
    },
    "name": "Untitled.001Geometry",
    "faces": [11,0,1,43,29,0,0,1,2,3,0,1,2,3,10,29,34,0,0,3,4,0,3,4,0,10,0,34,39,0,0,4,5,0,4,5,11,0,39,42,2,0,0,5,6,7,0,5,6,7,11,43,1,3,33,0,2,1,8,9,2,1,8,9,10,3,36,33,0,8,10,9,8,10,9,11,36,3,4,28,0,10,8,11,12,10,8,11,12,10,4,32,28,0,11,13,12,11,13,12,11,32,4,5,37,0,13,11,14,15,13,11,14,15,10,5,41,37,0,14,16,15,14,16,15,10,0,2,6,0,0,7,17,0,7,17,10,6,7,0,0,17,18,0,17,18,0,10,2,42,27,0,7,6,19,7,6,19,11,30,8,2,27,0,20,21,7,19,20,21,7,19,10,4,3,9,0,11,8,22,11,8,22,10,9,10,4,0,22,23,11,22,23,11,10,5,4,10,0,14,11,23,14,11,23,10,10,11,5,0,23,24,14,23,24,14,10,11,10,12,0,24,23,25,24,23,25,10,12,13,11,0,25,26,24,25,26,24,10,14,15,1,1,27,28,1,27,28,1,10,1,0,14,1,1,0,27,1,0,27,10,15,16,3,1,28,29,8,28,29,8,10,3,1,15,1,8,1,28,8,1,28,10,16,17,9,1,29,30,22,29,30,22,10,9,3,16,1,22,8,29,22,8,29,10,17,18,10,1,30,31,23,30,31,23,10,10,9,17,1,23,22,30,23,22,30,10,18,19,12,1,31,32,25,31,32,25,10,12,10,18,1,25,23,31,25,23,31,10,19,20,13,1,32,33,26,32,33,26,10,13,12,19,1,26,25,32,26,25,32,10,20,21,11,1,33,34,24,33,34,24,10,11,13,20,1,24,26,33,24,26,33,10,21,22,5,1,34,35,14,34,35,14,10,5,11,21,1,14,24,34,14,24,34,10,22,35,38,1,35,36,37,35,36,37,11,41,5,22,38,1,16,14,35,37,16,14,35,37,11,40,23,8,31,1,38,39,21,40,38,39,21,40,10,8,30,31,1,21,20,40,21,20,40,10,23,24,2,1,39,41,7,39,41,7,10,2,8,23,1,7,21,39,7,21,39,10,24,25,6,1,41,42,17,41,42,17,10,6,2,24,1,17,7,41,17,7,41,10,25,26,7,1,42,43,18,42,43,18,10,7,6,25,1,18,17,42,18,17,42,10,26,14,0,1,43,27,0,43,27,0,10,0,7,26,1,0,18,43,0,18,43],
    "uvs": [[-23.102,-19.9072,-5.04847,-19.9072,-5.04847,-1.22215,-10.9826,-1.22215,-23.0156,-1.22215,-41.1755,-1.22215,-50.025,-1.22215,-50.0251,-15.9647,8.5926,-19.9072,-0.564683,-1.22215,8.5926,-1.22215,22.2276,-19.7342,13.1024,-1.22215,22.2276,-1.22215,29.2178,-19.7342,24.5396,-1.22215,29.2178,-1.22215,-50.0251,-21.8704,-23.102,-21.8704,-56.0556,-1.22215,-59.7981,-1.22215,-59.7981,-15.9647,8.5926,-25.2863,22.2276,-25.2863,29.2178,-25.2863,22.2276,-32.1844,29.2178,-32.1844,-18.3896,-23.7637,-5.04847,-23.7637,3.88025,-23.7637,3.88025,-29.3157,17.5152,-29.3157,17.5152,-36.2139,33.9302,-36.2139,33.9302,-29.3157,33.9302,-23.7637,33.9302,-1.22215,30.5783,-1.22215,-64.5105,-1.22215,-64.5105,-19.9941,-62.7059,-1.22214,-54.7374,-19.9942,-54.7374,-25.8999,-18.3896,-25.8999],[0.174565,0.575566,0.174565,0.401769,0.35411,0.401769,0.35411,0.458896,0.35411,0.574735,0.35411,0.749557,0.35411,0.834749,0.212449,0.834749,0.174565,0.270449,0.35411,0.358604,0.35411,0.270449,0.176227,0.139188,0.35411,0.227034,0.35411,0.139188,0.176227,0.071894,0.35411,0.11693,0.35411,0.071894,0.1557,0.834749,0.1557,0.575566,0.35411,0.892805,0.35411,0.928833,0.212449,0.928833,0.122877,0.270449,0.122877,0.139188,0.122877,0.071894,0.056593,0.139188,0.056593,0.071894,0.137491,0.530201,0.137491,0.401769,0.137491,0.315814,0.084141,0.315814,0.084141,0.184553,0.017856,0.184553,0.017856,0.02653,0.084141,0.02653,0.137491,0.02653,0.354094,0.02653,0.354105,0.058798,0.354094,0.974198,0.173713,0.974198,0.3541,0.956826,0.173713,0.880114,0.116964,0.880114,0.116964,0.530201]],
    "colors": [],
    "materials": [{
        "mapLightAnisotropy": 1,
        "blending": "NormalBlending",
        "visible": true,
        "depthWrite": true,
        "wireframe": false,
        "depthTest": true,
        "opacity": 1,
        "colorEmissive": [0,0,0],
        "mapLightWrap": ["RepeatWrapping","RepeatWrapping"],
        "transparent": false,
        "colorAmbient": [0.56,0.56,0.56],
        "colorSpecular": [0,0,0],
        "shading": "phong",
        "DbgColor": 15658734,
        "specularCoef": 52,
        "mapLightRepeat": [1,1],
        "vertexColors": false,
        "mapLight": "Map__55_Tiles.jpg",
        "DbgIndex": 0,
        "DbgName": "Piso_interior",
        "colorDiffuse": [0.56,0.56,0.56]
    },{
        "mapLightAnisotropy": 1,
        "blending": "NormalBlending",
        "visible": true,
        "depthWrite": true,
        "wireframe": false,
        "depthTest": true,
        "opacity": 1,
        "colorEmissive": [0,0,0],
        "mapLightWrap": ["RepeatWrapping","RepeatWrapping"],
        "transparent": false,
        "colorAmbient": [0.56,0.56,0.56],
        "colorSpecular": [0,0,0],
        "shading": "phong",
        "DbgColor": 15597568,
        "specularCoef": 52,
        "mapLightRepeat": [1,1],
        "vertexColors": false,
        "mapLight": "ext_cemento_diff.jpg",
        "DbgIndex": 1,
        "DbgName": "Cemento_Edif.001",
        "colorDiffuse": [0.56,0.56,0.56]
    }]
}