{
    "vertices": [-16.4415,-0.118635,-24.0953,-16.4415,5.01875,-24.0953,-16.4415,-0.118635,-24.5122,-16.4415,5.01875,-24.5122,-16.0246,-0.118635,-24.0953,-16.0246,5.01875,-24.0953,-16.0246,-0.118635,-24.5122,-16.0246,5.01875,-24.5122,-16.4415,5.40062,-24.0953,-16.4415,5.40062,-24.5122,-16.0246,5.40062,-24.5122,-16.0246,5.40062,-24.0953,-24.3195,5.01875,-24.0953,-24.3195,5.01875,-24.5122,-24.3195,5.40062,-24.0953,-24.3195,5.40062,-24.5122,-24.724,5.01875,-24.0953,-24.724,5.01875,-24.5122,-24.724,5.40062,-24.0953,-24.724,5.40062,-24.5122,-24.3195,-0.077796,-24.0953,-24.3195,-0.077796,-24.5122,-24.724,-0.077796,-24.0953,-24.724,-0.077796,-24.5122,-29.8165,-0.118635,-24.0953,-29.8165,5.01875,-24.0953,-29.8165,-0.118635,-24.5122,-29.8165,5.01875,-24.5122,-29.3996,-0.118635,-24.0953,-29.3996,5.01875,-24.0953,-29.3996,-0.118635,-24.5122,-29.3996,5.01875,-24.5122,-29.8165,5.40062,-24.0953,-29.8165,5.40062,-24.5122,-29.3996,5.40062,-24.5122,-29.3996,5.40062,-24.0953,-37.2443,5.01875,-24.0953,-37.2443,5.01875,-24.5122,-37.2443,5.40062,-24.0953,-37.2443,5.40062,-24.5122,-37.6488,5.01875,-24.0953,-37.6488,5.01875,-24.5122,-37.6488,5.40062,-24.0953,-37.6488,5.40062,-24.5122,-37.2443,-0.077796,-24.0953,-37.2443,-0.077796,-24.5122,-37.6488,-0.077796,-24.0953,-37.6488,-0.077796,-24.5122,-10.3917,-0.118634,-19.3887,-10.3917,6.12794,-19.3887,-10.8086,-0.118634,-19.3887,-10.8086,6.12794,-19.3887,-10.3917,-0.118634,-19.8056,-10.3917,6.12794,-19.8056,-10.8086,-0.118634,-19.8056,-10.8086,6.12794,-19.8056,-10.3917,6.50981,-19.3887,-10.8086,6.50981,-19.3887,-10.8086,6.50981,-19.8056,-10.3917,6.50981,-19.8056,-10.3917,6.12794,-3.0137,-10.8086,6.12794,-3.0137,-10.3917,6.50981,-3.0137,-10.8086,6.50981,-3.0137,-10.3917,6.12794,-2.60925,-10.8086,6.12794,-2.60925,-10.3917,6.50981,-2.60925,-10.8086,6.50981,-2.60925,-10.3917,-0.077796,-3.0137,-10.8086,-0.077796,-3.0137,-10.3917,-0.077796,-2.60925,-10.8086,-0.077796,-2.60925,-21.7623,-0.118634,-5.04087,-21.7623,28.7639,-5.04087,-22.1792,-0.118634,-5.04087,-22.1792,28.7639,-5.04087,-21.7623,-0.118634,-5.45777,-21.7623,28.7639,-5.45777,-22.1792,-0.118634,-5.45777,-22.1792,28.7639,-5.45777],
    "metadata": {
        "generator": "io_three",
        "uvs": 2,
        "type": "Geometry",
        "version": 3,
        "materials": 1,
        "vertices": 80,
        "faces": 144,
        "colors": 0
    },
    "name": "CubeGeometry",
    "faces": [11,2,0,1,3,0,2,3,0,1,2,3,0,1,11,3,7,6,2,0,0,1,2,3,0,1,2,3,11,7,5,4,6,0,0,1,2,3,0,1,2,3,11,0,4,5,1,0,2,3,0,1,2,3,0,1,11,0,2,6,4,0,0,1,2,3,0,1,2,3,11,3,1,12,13,0,0,1,2,3,0,1,2,3,11,11,10,9,8,0,0,1,2,3,0,1,2,3,11,1,5,11,8,0,0,1,2,3,0,1,2,3,11,7,3,9,10,0,0,1,2,3,0,1,2,3,11,5,7,10,11,0,0,1,2,3,0,1,2,3,11,15,13,17,19,0,0,1,2,3,0,1,2,3,11,8,9,15,14,0,0,1,2,3,0,1,2,3,11,9,3,13,15,0,0,1,2,3,0,1,2,3,11,1,8,14,12,0,0,1,2,3,0,1,2,3,11,17,16,18,19,0,0,1,2,3,0,1,2,3,11,14,15,19,18,0,0,1,2,3,0,1,2,3,11,12,14,18,16,0,0,1,2,3,0,1,2,3,11,17,13,21,23,0,0,1,2,3,0,1,2,3,11,21,20,22,23,0,0,1,2,3,0,1,2,3,11,16,17,23,22,0,0,1,2,3,0,1,2,3,11,12,16,22,20,0,0,1,2,3,0,1,2,3,11,13,12,20,21,0,0,1,2,3,0,1,2,3,11,25,27,26,24,0,0,1,2,3,0,1,2,3,11,27,31,30,26,0,0,1,2,3,0,1,2,3,11,31,29,28,30,0,0,1,2,3,0,1,2,3,11,29,25,24,28,0,0,1,2,3,0,1,2,3,11,24,26,30,28,0,0,1,2,3,0,1,2,3,11,27,25,36,37,0,0,1,2,3,0,1,2,3,11,35,34,33,32,0,0,1,2,3,0,1,2,3,11,25,29,35,32,0,0,1,2,3,0,1,2,3,11,31,27,33,34,0,0,1,2,3,0,1,2,3,11,29,31,34,35,0,0,1,2,3,0,1,2,3,11,39,37,41,43,0,0,1,2,3,0,1,2,3,11,32,33,39,38,0,0,1,2,3,0,1,2,3,11,33,27,37,39,0,0,1,2,3,0,1,2,3,11,25,32,38,36,0,0,1,2,3,0,1,2,3,11,41,40,42,43,0,0,1,2,3,0,1,2,3,11,38,39,43,42,0,0,1,2,3,0,1,2,3,11,36,38,42,40,0,0,1,2,3,0,1,2,3,11,41,37,45,47,0,0,1,2,3,0,1,2,3,11,45,44,46,47,0,0,1,2,3,0,1,2,3,11,40,41,47,46,0,0,1,2,3,0,1,2,3,11,36,40,46,44,0,0,1,2,3,0,1,2,3,11,37,36,44,45,0,0,1,2,3,0,1,2,3,11,49,51,50,48,0,0,1,2,3,0,1,2,3,11,51,55,54,50,0,0,1,2,3,0,1,2,3,11,55,53,52,54,0,0,1,2,3,0,1,2,3,11,53,49,48,52,0,0,1,2,3,0,1,2,3,11,48,50,54,52,0,0,1,2,3,0,1,2,3,11,51,49,60,61,0,0,1,2,3,0,1,2,3,11,59,58,57,56,0,0,1,2,3,0,1,2,3,11,49,53,59,56,0,0,1,2,3,0,1,2,3,11,55,51,57,58,0,0,1,2,3,0,1,2,3,11,53,55,58,59,0,0,1,2,3,0,1,2,3,11,63,61,65,67,0,0,1,2,3,0,1,2,3,11,56,57,63,62,0,0,1,2,3,0,1,2,3,11,57,51,61,63,0,0,1,2,3,0,1,2,3,11,49,56,62,60,0,0,1,2,3,0,1,2,3,11,65,64,66,67,0,0,1,2,3,0,1,2,3,11,62,63,67,66,0,0,1,2,3,0,1,2,3,11,60,62,66,64,0,0,1,2,3,0,1,2,3,11,65,61,69,71,0,0,1,2,3,0,1,2,3,11,69,68,70,71,0,0,1,2,3,0,1,2,3,11,64,65,71,70,0,0,1,2,3,0,1,2,3,11,60,64,70,68,0,0,1,2,3,0,1,2,3,11,61,60,68,69,0,0,1,2,3,0,1,2,3,11,73,75,74,72,0,0,1,2,3,0,1,2,3,11,75,79,78,74,0,0,1,2,3,0,1,2,3,11,79,77,76,78,0,0,1,2,3,0,1,2,3,11,77,73,72,76,0,0,1,2,3,0,1,2,3],
    "uvs": [[0,0,1,0,1,1,0,1],[0,0,1,0,1,1,0,1]],
    "colors": [],
    "materials": [{
        "mapLightAnisotropy": 1,
        "blending": "NormalBlending",
        "visible": true,
        "depthWrite": true,
        "wireframe": false,
        "depthTest": true,
        "opacity": 1,
        "colorEmissive": [0,0,0],
        "mapLightWrap": ["RepeatWrapping","RepeatWrapping"],
        "transparent": false,
        "colorAmbient": [0.56,0.56,0.56],
        "colorSpecular": [0,0,0],
        "shading": "phong",
        "DbgColor": 15658734,
        "specularCoef": 52,
        "mapLightRepeat": [1,1],
        "vertexColors": false,
        "mapLight": "ext_cemento_diff.jpg",
        "DbgIndex": 0,
        "DbgName": "Cemento_Edif",
        "colorDiffuse": [0.56,0.56,0.56]
    }]
}