{
    "vertices": [-16.2955,-0.031837,-24.3509,-16.2955,5.27453,-24.3509,-19.1384,5.27453,-24.3509,-19.1384,-0.031837,-24.3509,-21.9813,5.27453,-24.3509,-21.9813,-0.031837,-24.3509,-24.5644,-0.031837,-24.3509,-24.5644,5.27453,-24.3509,-34.8971,5.27453,-24.3509,-37.4802,5.27453,-24.3509,-37.4802,-0.031837,-24.3509,-34.8971,-0.031837,-24.3509,-32.3139,5.27453,-24.3509,-32.3139,-0.031837,-24.3509,-29.7308,5.27453,-24.3509,-29.7308,-0.031837,-24.3509,-29.7308,-0.031835,-43.0163,-29.7308,5.27453,-43.0163,-32.3139,-0.031835,-43.0163,-32.3139,5.27453,-43.0163,-34.8971,-0.031835,-43.0163,-37.4802,-0.031835,-43.0163,-37.4802,5.27453,-43.0163,-20.3317,5.27454,-51.2543,-8.9146,-0.031836,-34.8554,-16.2955,5.27453,-31.5468,-19.1384,5.27453,-31.5468,-19.1384,-0.031836,-31.5468,-21.9813,5.27453,-31.5468,-21.9813,-0.031836,-31.5468,-24.5644,-0.031836,-31.5468,-24.5644,5.27453,-31.5468,-16.2955,-0.031836,-31.5468,-16.3016,5.27453,-34.8939,-19.1404,5.27453,-37.7327,-19.1404,-0.031835,-37.7327,-21.9792,5.27453,-40.5714,-21.9792,-0.031835,-40.5714,-24.5586,-0.031835,-43.1509,-24.5586,5.27453,-43.1509,-16.3016,-0.031836,-34.8939,-8.9146,5.27453,-34.8554,-8.9146,5.27453,-37.7201,-8.9146,-0.031835,-37.7201,-8.9146,5.27453,-40.5848,-8.9146,-0.031835,-40.5848,-8.9146,-0.031835,-43.1878,-8.9146,5.27453,-43.1878,-29.6779,-0.031834,-46.0056,-29.6779,5.27454,-46.0056,-32.2963,-0.031834,-48.624,-32.2963,5.27454,-48.624,-34.9147,-0.031834,-51.2424,-37.5331,-0.031834,-53.8607,-37.5331,5.27454,-53.8607,-34.8971,5.27453,-43.0163,-34.9147,5.27454,-51.2424,-20.3317,-0.031834,-45.9697,-20.3317,5.27453,-45.9697,-20.3317,-0.031834,-48.612,-20.3317,5.27454,-48.612,-20.3317,-0.031834,-51.2543,-20.3317,-0.031833,-53.8966,-20.3317,5.27454,-53.8966,-16.2955,-0.031837,-24.3509,-24.5644,-0.031837,-24.3509,-37.4802,-0.031837,-24.3509,-29.7308,-0.031837,-24.3509,-29.7308,-0.031835,-43.0163,-37.4802,-0.031835,-43.0163,-8.9146,-0.031836,-34.8554,-24.5644,-0.031836,-31.5468,-16.2955,-0.031836,-31.5468,-24.5586,-0.031835,-43.1509,-16.3016,-0.031836,-34.8939,-8.9146,-0.031835,-43.1878,-29.6779,-0.031834,-46.0056,-37.5331,-0.031834,-53.8607,-20.3317,-0.031834,-45.9697,-20.3317,-0.031833,-53.8966],
    "metadata": {
        "generator": "io_three",
        "uvs": 2,
        "type": "Geometry",
        "version": 3,
        "materials": 2,
        "vertices": 80,
        "faces": 79,
        "colors": 0
    },
    "name": "Untitled.004Geometry.1",
    "faces": [11,51,56,23,60,0,0,1,2,3,0,1,2,3,11,49,51,60,58,0,4,0,3,5,4,0,3,5,11,76,49,58,57,0,6,7,8,9,6,7,8,9,11,50,48,78,59,1,10,11,12,13,10,11,12,13,11,52,50,59,61,1,14,10,13,15,14,10,13,15,11,77,52,61,79,1,16,14,15,17,16,14,15,17,11,54,53,62,63,0,18,19,20,21,18,19,20,21,11,56,54,63,23,0,1,22,23,2,1,22,23,2,11,19,55,56,51,0,24,25,1,0,24,25,1,0,11,17,19,51,49,0,26,24,0,4,26,24,0,4,11,68,17,49,76,0,27,28,29,30,27,28,7,6,11,18,16,48,50,1,31,32,11,10,29,30,11,10,11,12,8,55,19,0,33,34,25,24,31,32,25,24,11,14,12,19,17,0,35,33,24,26,33,31,24,26,11,15,14,17,68,0,36,37,28,27,34,35,28,27,11,13,67,16,18,1,38,39,32,31,36,37,30,29,11,11,13,18,20,1,40,38,31,41,38,36,29,39,11,66,11,20,21,1,42,40,41,43,40,38,39,41,11,9,10,69,22,0,18,19,44,45,42,43,44,45,11,8,9,22,55,0,34,46,47,25,32,46,47,25,11,0,1,25,32,0,36,37,48,49,48,49,50,51,11,1,2,26,25,0,50,51,52,53,52,53,54,55,11,2,4,28,26,0,51,54,55,52,53,56,57,54,11,4,7,31,28,0,54,56,57,55,56,58,59,57,11,7,6,71,31,0,18,19,58,59,60,61,62,63,11,65,5,29,30,1,60,61,62,63,64,65,66,67,11,5,3,27,29,1,61,64,65,62,65,68,69,66,11,3,64,72,27,1,64,66,67,65,68,70,71,69,11,32,25,33,40,0,49,48,68,69,51,50,72,73,11,25,26,34,33,0,53,52,70,71,55,54,74,75,11,26,28,36,34,0,52,55,72,70,54,57,76,74,11,28,31,39,36,0,55,57,73,72,57,59,77,76,11,31,71,73,39,0,59,58,74,75,63,62,78,79,11,30,29,37,38,1,63,62,76,77,67,66,80,81,11,29,27,35,37,1,62,65,78,76,66,69,82,80,11,27,72,74,35,1,65,67,79,78,69,71,83,82,11,40,33,41,24,0,80,81,18,19,73,72,84,85,11,33,34,42,41,0,71,70,82,83,75,74,86,87,11,34,36,44,42,0,70,72,84,82,74,76,88,86,11,36,39,47,44,0,72,73,85,84,76,77,89,88,11,39,73,46,47,0,86,87,36,37,79,78,90,91,11,38,37,45,75,1,77,76,88,89,81,80,92,93,11,37,35,43,45,1,76,78,90,88,80,82,94,92,11,35,74,70,43,1,78,79,91,90,82,83,95,94,11,55,22,54,56,0,25,47,22,1,25,47,22,1,11,22,69,53,54,0,45,44,92,93,45,44,19,18,11,21,20,52,77,1,43,41,14,16,41,39,14,16,11,20,18,50,52,1,41,31,10,14,39,29,10,14],
    "uvs": [[-2.88378,-3.4657,-4.0122,-4.55871,2.27245,-4.5637,2.27245,-3.46071,-1.75537,-2.37271,2.27245,-2.35772,3.80752,-0.22227,3.80752,1.22227,-0.220296,1.22227,-0.220296,-0.22227,-5.00301,9.78101,-2.72256,7.57214,5.41739,7.54186,5.41739,9.77092,-7.28346,11.9899,5.41739,12,-9.56391,14.1988,5.41739,14.2291,-5.14061,1.22227,-5.14061,-0.22227,2.27245,-0.22227,2.27245,1.22227,-5.14061,-5.65171,2.27245,-5.66669,-2.89137,-1.12488,-4.00461,-1.12488,-1.77814,-1.12488,-0.598806,-0.22227,-0.598806,1.22227,-1.84663,1.22227,-1.84663,-0.22227,-5.01835,5.05037,-2.76858,5.05037,-2.89137,6.66669,-4.00461,6.66669,-1.77814,6.66669,7.19277,-0.22227,7.19277,1.22227,-5.01835,-10.6959,-2.76858,-10.6959,-7.26812,-10.6959,-7.26812,5.05037,-9.5179,-10.6959,-9.5179,5.05037,2.65096,-0.22227,2.65096,1.22227,-5.11784,6.66669,-5.11784,-1.12488,4.18895,1.22227,4.18895,-0.22227,4.0119,6.66669,2.78674,6.66669,2.78674,3.66287,4.0119,3.66287,1.56157,6.66669,1.56157,3.66287,0.448337,6.66669,0.448337,3.66287,-2.13679,-0.22227,-2.13679,1.22227,1.73098,-10.6959,3.98075,-10.6959,3.98075,-4.62536,1.73098,-4.62536,6.45673,-10.6959,6.45673,-4.62536,8.9327,-10.6959,8.9327,-4.62536,2.79178,1.22227,2.79178,-0.22227,2.78588,1.0807,4.00928,2.2657,1.56248,-0.104309,0.450846,-1.18106,2.70714,-0.22227,2.70714,1.22227,3.98259,2.98786,1.73605,5.16389,6.455,0.593035,8.92742,-1.80178,-1.95713,-0.22227,-1.95713,1.22227,7.19277,1.08595,7.19277,2.28178,7.19277,-0.109887,7.19277,-1.19647,0.450846,1.22227,0.450846,-0.22227,15.361,2.99913,15.361,5.19505,15.361,0.582428,15.361,-1.83427,7.17779,-0.22227,7.17779,1.22227],[0.127412,0.35601,0.079703,0.403548,0.079961,0.138312,0.128019,0.138398,0.175121,0.308472,0.176078,0.138484,0.565729,0.531855,0.469217,0.531855,0.469217,0.455224,0.565729,0.455224,0.791282,0.234266,0.743744,0.281975,0.573756,0.282932,0.57367,0.234874,0.83882,0.186558,0.573584,0.186815,0.886358,0.138849,0.573498,0.138756,0.511831,0.13412,0.511831,0.037607,0.651668,0.037607,0.651668,0.13412,0.031995,0.451086,0.031902,0.138226,0.229404,0.356513,0.22932,0.403495,0.229488,0.30953,0.565729,0.580728,0.469217,0.580728,0.791785,0.336258,0.744802,0.336342,0.568892,0.35712,0.568808,0.404103,0.568976,0.310138,0.565729,0.883175,0.469217,0.883175,0.792393,0.675746,0.74541,0.67583,0.839375,0.675662,0.838768,0.336174,0.886358,0.675578,0.88575,0.33609,0.031628,0.13412,0.031628,0.037607,0.335634,0.037607,0.335634,0.13412,0.568724,0.451086,0.229236,0.450478,0.262974,0.845303,0.262974,0.941816,0.14593,0.941816,0.14593,0.845303,0.374673,0.690428,0.374673,0.742134,0.243793,0.742134,0.243793,0.690428,0.374673,0.793841,0.243793,0.793841,0.374673,0.840824,0.243793,0.840824,0.031388,0.551704,0.031388,0.455191,0.148467,0.455191,0.148467,0.551704,0.913137,0.680726,0.913137,0.727709,0.782257,0.727709,0.782257,0.680726,0.913137,0.779415,0.782257,0.779415,0.913137,0.831122,0.782257,0.831122,0.091538,0.941816,0.091538,0.845303,0.131284,0.742171,0.182917,0.690538,0.079652,0.793803,0.032737,0.840718,0.337314,0.455191,0.337314,0.551704,0.618116,0.727747,0.571201,0.680832,0.669748,0.779379,0.72138,0.831011,0.032042,0.941816,0.032042,0.845303,0.131513,0.556183,0.183617,0.556183,0.079409,0.556183,0.032065,0.556183,0.465094,0.455191,0.465094,0.551704,0.617873,0.965366,0.570529,0.965366,0.669977,0.965366,0.722081,0.965366]],
    "colors": [],
    "materials": [{
        "mapLightAnisotropy": 1,
        "blending": "NormalBlending",
        "visible": true,
        "depthWrite": true,
        "wireframe": false,
        "depthTest": true,
        "opacity": 1,
        "colorEmissive": [0.672,0.672,0.672],