{
    "metadata": {
        "version": 3,
        "generator": "io_three",
        "uvs": 2,
        "materials": 2,
        "colors": 0,
        "vertices": 34,
        "faces": 56,
        "type": "Geometry"
    },
    "vertices": [30.4419,18.7145,-24.8148,9.89239,18.7145,-24.8148,9.89239,18.7145,-185.519,30.4419,18.7145,-185.519,68.4693,-0.217731,-24.8148,68.4693,18.7145,-24.8148,68.4693,18.7145,-185.519,68.4693,-0.217725,-185.519,30.4419,-0.217725,-185.519,-67.4277,12.4038,-24.8148,-69.2766,6.09303,-24.8148,-69.2766,6.09303,-185.519,-67.4277,12.4038,-185.519,-63.5567,18.7145,-24.8148,-63.5567,18.7145,-185.519,-70.1475,-0.217725,-185.519,9.89239,-0.217725,-185.519,68.4693,-0.217733,-0.597103,68.4693,18.7145,-0.597103,30.4419,18.7145,-0.597103,9.89239,18.7145,-0.597103,68.4693,-0.217734,7.30594,68.4693,18.7145,7.30594,30.4419,18.7145,7.30594,-70.1475,-0.217731,-24.8148,68.4693,-0.217731,-24.8148,68.4693,18.7145,-24.8148,68.4693,18.7145,-185.519,68.4693,-0.217725,-185.519,-69.2766,6.09303,-185.519,-67.4277,12.4038,-185.519,-63.5567,18.7145,-24.8148,-63.5567,18.7145,-185.519,-70.1475,-0.217725,-185.519],
    "uvs": [[2.88015,2.72607,-0.889531,2.72607,-0.889531,-8.73042,2.88015,-8.73042,10.0338,3.1113,6.56079,3.1113,6.56079,-10.6577,10.0338,-10.6577,2.88015,-10.6569,6.44458,-10.6569,6.44458,-8.73042,1.33021,9.06121,1.33021,10.2666,-12.4388,10.2666,-12.4388,9.06121,-11.2325,2.72607,-11.2325,-8.73042,-11.9426,-9.37258,-12.2818,-10.0147,-12.4415,-10.6569,-0.889531,-10.6569,10.0338,3.23003,10.0338,7.67263,6.56079,7.67263,6.56079,3.23003,6.44458,2.72607,6.44458,6.42255,2.88015,6.42255,-0.889531,6.42255,10.0338,9.1224,6.56079,9.1224,6.44458,7.62883,2.88015,7.62883,1.33021,7.73775,-12.4388,7.73775,-12.4388,11.415,1.33021,11.415],[0.659777,0.576962,0.498454,0.576962,0.498454,0.086685,0.659777,0.086685,0.965915,0.593447,0.817288,0.593447,0.817288,0.004209,0.965915,0.004209,0.659777,0.004242,0.812315,0.004242,0.812315,0.086685,0.593448,0.848072,0.593448,0.899657,0.004209,0.899657,0.004209,0.848072,0.055832,0.576962,0.055832,0.086685,0.025443,0.059204,0.010928,0.031723,0.004091,0.004242,0.498454,0.004242,0.965915,0.598528,0.965915,0.788648,0.817288,0.788648,0.817288,0.598528,0.812315,0.576962,0.812315,0.735151,0.659777,0.735151,0.498454,0.735151,0.965915,0.85069,0.817288,0.85069,0.812315,0.786773,0.659777,0.786773,0.593448,0.791435,0.004209,0.791435,0.004209,0.9488,0.593448,0.9488]],
    "faces": [10,0,1,2,0,0,1,2,0,1,2,10,2,3,0,0,2,3,0,2,3,0,10,25,26,27,1,4,5,6,4,5,6,10,27,28,25,1,6,7,4,6,7,4,10,8,7,6,0,8,9,10,8,9,10,10,6,3,8,0,10,3,8,10,3,8,10,9,10,11,1,11,12,13,11,12,13,10,11,30,9,1,13,14,11,13,14,11,10,1,13,14,0,1,15,16,1,15,16,10,14,2,1,0,16,2,1,16,2,1,10,2,14,12,0,2,16,17,2,16,17,10,2,12,29,0,2,17,18,2,17,18,10,2,29,15,0,2,18,19,2,18,19,10,2,15,16,0,2,19,20,2,19,20,10,4,17,18,0,21,22,23,21,22,23,10,18,5,4,0,23,24,21,23,24,21,10,0,5,18,0,0,25,26,0,25,26,10,18,19,0,0,26,27,0,26,27,0,10,5,0,3,0,25,0,3,25,0,3,10,3,6,5,0,3,10,25,3,10,25,10,16,8,3,0,20,8,3,20,8,3,10,3,2,16,0,3,2,20,3,2,20,10,1,0,19,0,1,0,27,1,0,27,10,19,20,1,0,27,28,1,27,28,1,10,17,21,22,0,22,29,30,22,29,30,10,22,18,17,0,30,23,22,30,23,22,10,18,22,23,0,26,31,32,26,31,32,10,23,19,18,0,32,27,26,32,27,26,10,31,9,30,1,33,11,14,33,11,14,10,30,32,31,1,14,34,33,14,34,33,10,33,11,10,1,35,13,12,35,13,12,10,10,24,33,1,12,36,35,12,36,35],
    "materials": [{
        "opacity": 1,
        "specularCoef": 52,
        "colorEmissive": [0.672,0.672,0.672],
        "wireframe": false,
        "mapLightRepeat": [1,1],
        "colorAmbient": [0.56,0.56,0.56],
        "mapLightAnisotropy": 1,
        "DbgIndex": 0,
        "depthWrite": true,
        "mapLightWrap": ["RepeatWrapping","RepeatWrapping"],
        "transparent": false,
        "visible": true,
        "DbgColor": 15658734,
        "blending": "NormalBlending",
        "vertexColors": false,
        "colorSpecular": [0,0,0],
        "mapLight": "Map__56_Tiles.jpg",
        "shading": "phong",
        "colorDiffuse": [0.56,0.56,0.56],
        "DbgName": "Concreto_Limpio1",
        "depthTest": true
    },{
        "opacity": 0.63,
        "specularCoef": 270,
        "colorEmissive": [0.672,0.672,0.672],
        "wireframe": false,
        "mapLightRepeat": [1,1],
        "colorAmbient": [0.56,0.56,0.56],
        "mapLightAnisotropy": 1,
        "DbgIndex": 1,
        "depthWrite": true,
        "mapLightWrap": ["RepeatWrapping","RepeatWrapping"],
        "transparent": true,
        "visible": true,
        "DbgColor": 15597568,
        "blending": "NormalBlending",
        "vertexColors": false,
        "colorSpecular": [0.5,0.5,0.5],
        "mapLight": "Map__52_Tiles.png",
        "shading": "phong",
        "colorDiffuse": [0.56,0.56,0.56],
        "DbgName": "Vidrio1",
        "depthTest": true
    }],
    "colors": [],
    "name": "Untitled.002Geometry"
}